"","fiscal_period","region_product","sales_vol","year","month","apac","emea","la","na","fchem","fpoly","fchem_product","fpoly_product","pfa","region_code","region","value_to_USD","demand","oil_price","GDP","smi_avg","smi_std"
"1","2015P07","sales_vol_fchem_apac",4397919.46,2015,7,"1","0","0","0",1,0,4397919.46,0,"0","[1,0,0]","apac",123.265726,64.37,43.62,21795,660.795454545455,12.6246454838571
"2","2015P08","sales_vol_fchem_apac",4812213.4,2015,8,"1","0","0","0",1,0,4812213.4,0,"0","[1,0,0]","apac",123.214161,64.37,36.95,21795,619.077619047619,25.8398142223898
"3","2015P09","sales_vol_fchem_apac",3940076.06,2015,9,"1","0","0","0",1,0,3940076.06,0,"0","[1,0,0]","apac",120.1415,64.37,34.3,21795,605.460952380952,14.1203986858594
"4","2015P10","sales_vol_fchem_apac",4643721.7,2015,10,"1","0","0","0",1,0,4643721.7,0,"0","[1,0,0]","apac",120.136258,64.37,34.7,21795,643.825454545455,24.0925945404041
"5","2015P11","sales_vol_fchem_apac",5096386.14,2015,11,"1","0","0","0",1,0,5096386.14,0,"0","[1,0,0]","apac",122.555467,64.37,32.13,21795,662.7245,7.80557997103422
"6","2015P12","sales_vol_fchem_apac",5264943.68,2015,12,"1","0","0","0",1,0,5264943.68,0,"0","[1,0,0]","apac",121.61779,64.37,26.5,21795,672.488181818182,8.93516628478712
"7","2016P01","sales_vol_fchem_apac",4543686.78,2016,1,"1","0","0","0",1,0,4543686.78,0,"0","[1,0,0]","apac",118.457194,67.28,19.96,22512,602.928421052632,22.5803907709415
"8","2016P02","sales_vol_fchem_apac",5007659.05,2016,2,"1","0","0","0",1,0,5007659.05,0,"0","[1,0,0]","apac",114.778466,67.28,21.24,22512,596.7805,20.2187402582747
"9","2016P03","sales_vol_fchem_apac",7782267.53,2016,3,"1","0","0","0",1,0,7782267.53,0,"0","[1,0,0]","apac",112.976274,67.28,24.99,22512,658.052272727273,13.591735910653
"10","2016P04","sales_vol_fchem_apac",7103839.24,2016,4,"1","0","0","0",1,0,7103839.24,0,"0","[1,0,0]","apac",109.79655,67.28,26.84,22512,671.662380952381,5.93780338573273
"11","2016P05","sales_vol_fchem_apac",6442151.76,2016,5,"1","0","0","0",1,0,6442151.76,0,"0","[1,0,0]","apac",108.739032,67.28,30.39,22512,654.551904761905,22.1926633415297
"12","2016P06","sales_vol_fchem_apac",6417466.6,2016,6,"1","0","0","0",1,0,6417466.6,0,"0","[1,0,0]","apac",105.513333,67.28,30.74,22512,694.69,14.7182047947755
"13","2016P07","sales_vol_fchem_apac",4392223.21,2016,7,"1","0","0","0",1,0,4392223.21,0,"0","[1,0,0]","apac",103.867129,67.28,27.81,22512,725.4515,32.5559357147534
"14","2016P08","sales_vol_fchem_apac",5520517.54,2016,8,"1","0","0","0",1,0,5520517.54,0,"0","[1,0,0]","apac",101.233242,67.28,27.85,22512,784.219130434783,15.2831972241185
"15","2016P09","sales_vol_fchem_apac",4602663.88,2016,9,"1","0","0","0",1,0,4602663.88,0,"0","[1,0,0]","apac",102.099817,67.28,27.8,22512,801.167142857143,14.38694308839
"16","2016P10","sales_vol_fchem_apac",3307710.31,2016,10,"1","0","0","0",1,0,3307710.31,0,"0","[1,0,0]","apac",103.673468,67.28,31.98,22512,822.136666666667,10.8359034387232
"17","2016P11","sales_vol_fchem_apac",3747003.33,2016,11,"1","0","0","0",1,0,3747003.33,0,"0","[1,0,0]","apac",108.52975,67.28,29.83,22512,848.376666666667,31.5619418498503
"18","2016P12","sales_vol_fchem_apac",3793386.57,2016,12,"1","0","0","0",1,0,3793386.57,0,"0","[1,0,0]","apac",116.073137,67.28,37.92,22512,898.417142857143,26.4650768264249
"19","2017P01","sales_vol_fchem_apac",4820459.67,2017,1,"1","0","0","0",1,0,4820459.67,0,"0","[1,0,0]","apac",115.093355,74.28,38.78,23996,926.8525,17.3312221681596
"20","2017P02","sales_vol_fchem_apac",4255706.5,2017,2,"1","0","0","0",1,0,4255706.5,0,"0","[1,0,0]","apac",112.865464,74.28,38.74,23996,969.751052631579,8.79664196961093
"21","2017P03","sales_vol_fchem_apac",6753246.51,2017,3,"1","0","0","0",1,0,6753246.51,0,"0","[1,0,0]","apac",112.988573,74.28,36.38,23996,994.59,13.2156302088921
"22","2017P04","sales_vol_fchem_apac",5964194.17,2017,4,"1","0","0","0",1,0,5964194.17,0,"0","[1,0,0]","apac",110.149052,74.28,36.33,23996,993.981052631579,16.5475868985101
"23","2017P05","sales_vol_fchem_apac",7867739.75,2017,5,"1","0","0","0",1,0,7867739.75,0,"0","[1,0,0]","apac",112.234879,74.28,35.68,23996,1045.63181818182,30.2911723171343
"24","2017P06","sales_vol_fchem_apac",8362482.83,2017,6,"1","0","0","0",1,0,8362482.83,0,"0","[1,0,0]","apac",110.8545,74.28,32.41,23996,1085.08545454545,22.4222316818169
"25","2017P07","sales_vol_fchem_apac",6306686.25,2017,7,"1","0","0","0",1,0,6306686.25,0,"0","[1,0,0]","apac",112.338871,74.28,33.64,23996,1085.188,27.4927800282949
"26","2017P08","sales_vol_fchem_apac",6100402.03,2017,8,"1","0","0","0",1,0,6100402.03,0,"0","[1,0,0]","apac",109.796917,74.28,34.72,23996,1084.53565217391,11.0682296466003
"27","2017P09","sales_vol_fchem_apac",6237333.26,2017,9,"1","0","0","0",1,0,6237333.26,0,"0","[1,0,0]","apac",110.6931,74.28,37.35,23996,1132.5295,21.256843226297
"28","2017P10","sales_vol_fchem_apac",5595967.95,2017,10,"1","0","0","0",1,0,5595967.95,0,"0","[1,0,0]","apac",112.931667,74.28,39.5,23996,1218.88954545455,26.7582783767624
"29","2017P11","sales_vol_fchem_apac",5302296.13,2017,11,"1","0","0","0",1,0,5302296.13,0,"0","[1,0,0]","apac",112.798983,74.28,43.25,23996,1306.37714285714,19.5550456769748
"30","2017P12","sales_vol_fchem_apac",4884854.07,2017,12,"1","0","0","0",1,0,4884854.07,0,"0","[1,0,0]","apac",112.897742,74.28,43.77,23996,1253.1165,17.4883212985725
"31","2018P01","sales_vol_fchem_apac",5216316.37,2018,1,"1","0","0","0",1,0,5216316.37,0,"0","[1,0,0]","apac",110.932,NA,46.13,25153.18537,1341.99095238095,31.0146020294896
"32","2018P02","sales_vol_fchem_apac",4341497.27,2018,2,"1","0","0","0",1,0,4341497.27,0,"0","[1,0,0]","apac",107.93567,NA,42.64,25153.18537,1313.36210526316,42.200207158384
"33","2018P03","sales_vol_fchem_apac",5241134.37,2018,3,"1","0","0","0",1,0,5241134.37,0,"0","[1,0,0]","apac",106.030217,NA,41.85,25153.18537,1386.32904761905,38.5581993750696
"34","2018P04","sales_vol_fchem_apac",4354983.39,2018,4,"1","0","0","0",1,0,4354983.39,0,"0","[1,0,0]","apac",107.59585,NA,46.3,25153.18537,1295.71,32.1875216504781
"35","2018P05","sales_vol_fchem_apac",5726562.89,2018,5,"1","0","0","0",1,0,5726562.89,0,"0","[1,0,0]","apac",109.664452,NA,51.45,25153.18537,1341.47227272727,43.7069303572719
"36","2018P06","sales_vol_fchem_apac",4787121.67,2018,6,"1","0","0","0",1,0,4787121.67,0,"0","[1,0,0]","apac",110.0477,NA,50.95,25153.18537,1389.08142857143,40.7761580198177
"37","2018P07","sales_vol_fchem_apac",5969677.54,2018,7,"1","0","0","0",1,0,5969677.54,0,"0","[1,0,0]","apac",111.431677,NA,51.29,25153.18537,1350.28571428571,19.1859551681506
"38","2018P08","sales_vol_fchem_apac",7221725.85,2018,8,"1","0","0","0",1,0,7221725.85,0,"0","[1,0,0]","apac",111.006984,NA,50.74,25153.18537,1368.66304347826,26.8979465986773
"39","2018P09","sales_vol_fchem_apac",4591177.15,2018,9,"1","0","0","0",1,0,4591177.15,0,"0","[1,0,0]","apac",112.0468,NA,54.49,25153.18537,1372.31842105263,15.8691777645843
"40","2018P10","sales_vol_fchem_apac",5324822.28,2018,10,"1","0","0","0",1,0,5324822.28,0,"0","[1,0,0]","apac",112.710935,NA,56.4,25153.18537,1257.22739130435,71.1182372862514
"41","2018P11","sales_vol_fchem_apac",6365326.65,2018,11,"1","0","0","0",1,0,6365326.65,0,"0","[1,0,0]","apac",113.2999,NA,46.7,25153.18537,1212.8180952381,24.730919638996
"42","2018P12","sales_vol_fchem_apac",6336002.43,2018,12,"1","0","0","0",1,0,6336002.43,0,"0","[1,0,0]","apac",112.116258,NA,40.48,25153.18537,1167.34789473684,45.9836124890581
"43","2015P07","sales_vol_fchem_emea",3143354,2015,7,"0","1","0","0",1,0,3143354,0,"0","[0,1,0]","emea",0.908471,13.32,56.56,19881,660.795454545455,12.6246454838571
"44","2015P08","sales_vol_fchem_emea",2888796,2015,8,"0","1","0","0",1,0,2888796,0,"0","[0,1,0]","emea",0.898781,13.32,46.52,19881,619.077619047619,25.8398142223898
"45","2015P09","sales_vol_fchem_emea",2820574,2015,9,"0","1","0","0",1,0,2820574,0,"0","[0,1,0]","emea",0.889836,13.32,47.62,19881,605.460952380952,14.1203986858594
"46","2015P10","sales_vol_fchem_emea",2371053,2015,10,"0","1","0","0",1,0,2371053,0,"0","[0,1,0]","emea",0.890691,13.32,48.43,19881,643.825454545455,24.0925945404041
"47","2015P11","sales_vol_fchem_emea",2681799,2015,11,"0","1","0","0",1,0,2681799,0,"0","[0,1,0]","emea",0.931522,13.32,44.27,19881,662.7245,7.80557997103422
"48","2015P12","sales_vol_fchem_emea",2409463,2015,12,"0","1","0","0",1,0,2409463,0,"0","[0,1,0]","emea",0.91807,13.32,38.01,19881,672.488181818182,8.93516628478712
"49","2016P01","sales_vol_fchem_emea",4233448,2016,1,"0","1","0","0",1,0,4233448,0,"0","[0,1,0]","emea",0.920897,13.96,30.7,19945.747,602.928421052632,22.5803907709415
"50","2016P02","sales_vol_fchem_emea",3737891,2016,2,"0","1","0","0",1,0,3737891,0,"0","[0,1,0]","emea",0.900873,13.96,32.18,19945.747,596.7805,20.2187402582747
"51","2016P03","sales_vol_fchem_emea",4334659,2016,3,"0","1","0","0",1,0,4334659,0,"0","[0,1,0]","emea",0.89946,13.96,38.21,19945.747,658.052272727273,13.591735910653
"52","2016P04","sales_vol_fchem_emea",4505880,2016,4,"0","1","0","0",1,0,4505880,0,"0","[0,1,0]","emea",0.88188,13.96,41.58,19945.747,671.662380952381,5.93780338573273
"53","2016P05","sales_vol_fchem_emea",2886851,2016,5,"0","1","0","0",1,0,2886851,0,"0","[0,1,0]","emea",0.88437,13.96,46.74,19945.747,654.551904761905,22.1926633415297
"54","2016P06","sales_vol_fchem_emea",3762079,2016,6,"0","1","0","0",1,0,3762079,0,"0","[0,1,0]","emea",0.889375,13.96,48.25,19945.747,694.69,14.7182047947755
"55","2016P07","sales_vol_fchem_emea",2903878,2016,7,"0","1","0","0",1,0,2903878,0,"0","[0,1,0]","emea",0.904111,13.96,44.95,19945.747,725.4515,32.5559357147534
"56","2016P08","sales_vol_fchem_emea",3337820,2016,8,"0","1","0","0",1,0,3337820,0,"0","[0,1,0]","emea",0.89262,13.96,45.84,19945.747,784.219130434783,15.2831972241185
"57","2016P09","sales_vol_fchem_emea",4099272,2016,9,"0","1","0","0",1,0,4099272,0,"0","[0,1,0]","emea",0.892636,13.96,46.57,19945.747,801.167142857143,14.38694308839
"58","2016P10","sales_vol_fchem_emea",2263819,2016,10,"0","1","0","0",1,0,2263819,0,"0","[0,1,0]","emea",0.906425,13.96,49.52,19945.747,822.136666666667,10.8359034387232
"59","2016P11","sales_vol_fchem_emea",2201966,2016,11,"0","1","0","0",1,0,2201966,0,"0","[0,1,0]","emea",0.92746,13.96,44.73,19945.747,848.376666666667,31.5619418498503
"60","2016P12","sales_vol_fchem_emea",1988988,2016,12,"0","1","0","0",1,0,1988988,0,"0","[0,1,0]","emea",0.949012,13.96,53.31,19945.747,898.417142857143,26.4650768264249
"61","2017P01","sales_vol_fchem_emea",2420626,2017,1,"0","1","0","0",1,0,2420626,0,"0","[0,1,0]","emea",0.940876,14.2,54.58,20906.872,926.8525,17.3312221681596
"62","2017P02","sales_vol_fchem_emea",3391276,2017,2,"0","1","0","0",1,0,3391276,0,"0","[0,1,0]","emea",0.939114,14.2,54.87,20906.872,969.751052631579,8.79664196961093
"63","2017P03","sales_vol_fchem_emea",3819750,2017,3,"0","1","0","0",1,0,3819750,0,"0","[0,1,0]","emea",0.9351,14.2,51.59,20906.872,994.59,13.2156302088921
"64","2017P04","sales_vol_fchem_emea",3118619,2017,4,"0","1","0","0",1,0,3118619,0,"0","[0,1,0]","emea",0.93391,14.2,52.31,20906.872,993.981052631579,16.5475868985101
"65","2017P05","sales_vol_fchem_emea",3888428,2017,5,"0","1","0","0",1,0,3888428,0,"0","[0,1,0]","emea",0.904193,14.2,50.33,20906.872,1045.63181818182,30.2911723171343
"66","2017P06","sales_vol_fchem_emea",5803827,2017,6,"0","1","0","0",1,0,5803827,0,"0","[0,1,0]","emea",0.890534,14.2,46.37,20906.872,1085.08545454545,22.4222316818169
"67","2017P07","sales_vol_fchem_emea",5426000,2017,7,"0","1","0","0",1,0,5426000,0,"0","[0,1,0]","emea",0.867527,14.2,48.48,20906.872,1085.188,27.4927800282949
"68","2017P08","sales_vol_fchem_emea",3369901,2017,8,"0","1","0","0",1,0,3369901,0,"0","[0,1,0]","emea",0.846339,14.2,51.7,20906.872,1084.53565217391,11.0682296466003
"69","2017P09","sales_vol_fchem_emea",4508373,2017,9,"0","1","0","0",1,0,4508373,0,"0","[0,1,0]","emea",0.839493,14.2,56.15,20906.872,1132.5295,21.256843226297
"70","2017P10","sales_vol_fchem_emea",3401491,2017,10,"0","1","0","0",1,0,3401491,0,"0","[0,1,0]","emea",0.851139,14.2,57.51,20906.872,1218.88954545455,26.7582783767624
"71","2017P11","sales_vol_fchem_emea",4280259,2017,11,"0","1","0","0",1,0,4280259,0,"0","[0,1,0]","emea",0.851487,14.2,62.71,20906.872,1306.37714285714,19.5550456769748
"72","2017P12","sales_vol_fchem_emea",2788007,2017,12,"0","1","0","0",1,0,2788007,0,"0","[0,1,0]","emea",0.84425,14.2,64.37,20906.872,1253.1165,17.4883212985725
"73","2018P01","sales_vol_fchem_emea",2873611,2018,1,"0","1","0","0",1,0,2873611,0,"0","[0,1,0]","emea",0.819901,NA,69.08,22377.16234,1341.99095238095,31.0146020294896
"74","2018P02","sales_vol_fchem_emea",3118476,2018,2,"0","1","0","0",1,0,3118476,0,"0","[0,1,0]","emea",0.810022,NA,65.32,22377.16234,1313.36210526316,42.200207158384
"75","2018P03","sales_vol_fchem_emea",3702515,2018,3,"0","1","0","0",1,0,3702515,0,"0","[0,1,0]","emea",0.811046,NA,66.02,22377.16234,1386.32904761905,38.5581993750696
"76","2018P04","sales_vol_fchem_emea",2128562,2018,4,"0","1","0","0",1,0,2128562,0,"0","[0,1,0]","emea",0.814554,NA,72.11,22377.16234,1295.71,32.1875216504781
"77","2018P05","sales_vol_fchem_emea",3232055,2018,5,"0","1","0","0",1,0,3232055,0,"0","[0,1,0]","emea",0.845653,NA,76.98,22377.16234,1341.47227272727,43.7069303572719
"78","2018P06","sales_vol_fchem_emea",3324315,2018,6,"0","1","0","0",1,0,3324315,0,"0","[0,1,0]","emea",0.856183,NA,74.4,22377.16234,1389.08142857143,40.7761580198177
"79","2018P07","sales_vol_fchem_emea",3144467,2018,7,"0","1","0","0",1,0,3144467,0,"0","[0,1,0]","emea",0.855282,NA,74.25,22377.16234,1350.28571428571,19.1859551681506
"80","2018P08","sales_vol_fchem_emea",2357761,2018,8,"0","1","0","0",1,0,2357761,0,"0","[0,1,0]","emea",0.866686,NA,72.53,22377.16234,1368.66304347826,26.8979465986773
"81","2018P09","sales_vol_fchem_emea",4090581,2018,9,"0","1","0","0",1,0,4090581,0,"0","[0,1,0]","emea",0.857968,NA,78.89,22377.16234,1372.31842105263,15.8691777645843
"82","2018P10","sales_vol_fchem_emea",2697921,2018,10,"0","1","0","0",1,0,2697921,0,"0","[0,1,0]","emea",0.870075,NA,81.03,22377.16234,1257.22739130435,71.1182372862514
"83","2018P11","sales_vol_fchem_emea",3002251,2018,11,"0","1","0","0",1,0,3002251,0,"0","[0,1,0]","emea",0.879906,NA,64.75,22377.16234,1212.8180952381,24.730919638996
"84","2018P12","sales_vol_fchem_emea",2547322,2018,12,"0","1","0","0",1,0,2547322,0,"0","[0,1,0]","emea",0.879002,NA,57.36,22377.16234,1167.34789473684,45.9836124890581
"85","2015P07","sales_vol_fchem_la",4722774,2015,7,"0","0","1","0",1,0,4722774,0,"0","[0,0,1]","la",15.924197,7.32,3.038,5517,660.795454545455,12.6246454838571
"86","2015P08","sales_vol_fchem_la",4102013,2015,8,"0","0","1","0",1,0,4102013,0,"0","[0,0,1]","la",16.501674,7.32,3.23,5517,619.077619047619,25.8398142223898
"87","2015P09","sales_vol_fchem_la",4572792,2015,9,"0","0","1","0",1,0,4572792,0,"0","[0,0,1]","la",16.839714,7.32,2.979,5517,605.460952380952,14.1203986858594
"88","2015P10","sales_vol_fchem_la",4964904,2015,10,"0","0","1","0",1,0,4964904,0,"0","[0,0,1]","la",16.571246,7.32,3.068,5517,643.825454545455,24.0925945404041
"89","2015P11","sales_vol_fchem_la",5511364,2015,11,"0","0","1","0",1,0,5511364,0,"0","[0,0,1]","la",16.63311,7.32,2.798,5517,662.7245,7.80557997103422
"90","2015P12","sales_vol_fchem_la",5017523,2015,12,"0","0","1","0",1,0,5017523,0,"0","[0,0,1]","la",17.068297,7.32,2.493,5517,672.488181818182,8.93516628478712
"91","2016P01","sales_vol_fchem_la",3928135,2016,1,"0","0","1","0",1,0,3928135,0,"0","[0,0,1]","la",17.998914,6.47,2.286,5381,602.928421052632,22.5803907709415
"92","2016P02","sales_vol_fchem_la",4319780,2016,2,"0","0","1","0",1,0,4319780,0,"0","[0,0,1]","la",18.463555,6.47,2.321,5381,596.7805,20.2187402582747
"93","2016P03","sales_vol_fchem_la",5756144,2016,3,"0","0","1","0",1,0,5756144,0,"0","[0,0,1]","la",17.64969,6.47,2.572,5381,658.052272727273,13.591735910653
"94","2016P04","sales_vol_fchem_la",5237917,2016,4,"0","0","1","0",1,0,5237917,0,"0","[0,0,1]","la",17.489131,6.47,3.035,5381,671.662380952381,5.93780338573273
"95","2016P05","sales_vol_fchem_la",3546183,2016,5,"0","0","1","0",1,0,3546183,0,"0","[0,0,1]","la",18.094523,6.47,3.333,5381,654.551904761905,22.1926633415297
"96","2016P06","sales_vol_fchem_la",4927136,2016,6,"0","0","1","0",1,0,4927136,0,"0","[0,0,1]","la",18.683862,6.47,3.304,5381,694.69,14.7182047947755
"97","2016P07","sales_vol_fchem_la",2963667,2016,7,"0","0","1","0",1,0,2963667,0,"0","[0,0,1]","la",18.574292,6.47,2.782,5381,725.4515,32.5559357147534
"98","2016P08","sales_vol_fchem_la",3715040,2016,8,"0","0","1","0",1,0,3715040,0,"0","[0,0,1]","la",18.473874,6.47,3.003,5381,784.219130434783,15.2831972241185
"99","2016P09","sales_vol_fchem_la",3849121,2016,9,"0","0","1","0",1,0,3849121,0,"0","[0,0,1]","la",19.207967,6.47,3.212,5381,801.167142857143,14.38694308839
"100","2016P10","sales_vol_fchem_la",3854187,2016,10,"0","0","1","0",1,0,3854187,0,"0","[0,0,1]","la",18.935282,6.47,3.153,5381,822.136666666667,10.8359034387232
"101","2016P11","sales_vol_fchem_la",2971955,2016,11,"0","0","1","0",1,0,2971955,0,"0","[0,0,1]","la",20.130578,6.47,3.377,5381,848.376666666667,31.5619418498503
"102","2016P12","sales_vol_fchem_la",3428773,2016,12,"0","0","1","0",1,0,3428773,0,"0","[0,0,1]","la",20.518796,6.47,3.65,5381,898.417142857143,26.4650768264249
"103","2017P01","sales_vol_fchem_la",3297521,2017,1,"0","0","1","0",1,0,3297521,0,"0","[0,0,1]","la",21.34594,6.77,3.614,5974,926.8525,17.3312221681596
"104","2017P02","sales_vol_fchem_la",4208081,2017,2,"0","0","1","0",1,0,4208081,0,"0","[0,0,1]","la",20.291954,6.77,3.566,5974,969.751052631579,8.79664196961093
"105","2017P03","sales_vol_fchem_la",5317149,2017,3,"0","0","1","0",1,0,5317149,0,"0","[0,0,1]","la",19.272258,6.77,3.284,5974,994.59,13.2156302088921
"106","2017P04","sales_vol_fchem_la",4960412,2017,4,"0","0","1","0",1,0,4960412,0,"0","[0,0,1]","la",18.742298,6.77,3.174,5974,993.981052631579,16.5475868985101
"107","2017P05","sales_vol_fchem_la",4636532,2017,5,"0","0","1","0",1,0,4636532,0,"0","[0,0,1]","la",18.758285,6.77,3.127,5974,1045.63181818182,30.2911723171343
"108","2017P06","sales_vol_fchem_la",4534171,2017,6,"0","0","1","0",1,0,4534171,0,"0","[0,0,1]","la",18.151448,6.77,2.968,5974,1085.08545454545,22.4222316818169
"109","2017P07","sales_vol_fchem_la",5937228,2017,7,"0","0","1","0",1,0,5937228,0,"0","[0,0,1]","la",17.82685,6.77,3.183,5974,1085.188,27.4927800282949
"110","2017P08","sales_vol_fchem_la",3843963,2017,8,"0","0","1","0",1,0,3843963,0,"0","[0,0,1]","la",17.792492,6.77,3.038,5974,1084.53565217391,11.0682296466003
"111","2017P09","sales_vol_fchem_la",4481570,2017,9,"0","0","1","0",1,0,4481570,0,"0","[0,0,1]","la",17.819439,6.77,3.373,5974,1132.5295,21.256843226297
"112","2017P10","sales_vol_fchem_la",4527819,2017,10,"0","0","1","0",1,0,4527819,0,"0","[0,0,1]","la",18.820464,6.77,3.528,5974,1218.88954545455,26.7582783767624
"113","2017P11","sales_vol_fchem_la",4190993,2017,11,"0","0","1","0",1,0,4190993,0,"0","[0,0,1]","la",18.929347,6.77,3.687,5974,1306.37714285714,19.5550456769748
"114","2017P12","sales_vol_fchem_la",4554853,2017,12,"0","0","1","0",1,0,4554853,0,"0","[0,0,1]","la",19.218886,6.77,3.85,5974,1253.1165,17.4883212985725
"115","2018P01","sales_vol_fchem_la",3728216,2018,1,"0","0","1","0",1,0,3728216,0,"0","[0,0,1]","la",18.912,NA,4.112,6213.008674,1341.99095238095,31.0146020294896
"116","2018P02","sales_vol_fchem_la",3043017,2018,2,"0","0","1","0",1,0,3043017,0,"0","[0,0,1]","la",18.628392,NA,4.093,6213.008674,1313.36210526316,42.200207158384
"117","2018P03","sales_vol_fchem_la",4599237,2018,3,"0","0","1","0",1,0,4599237,0,"0","[0,0,1]","la",18.606821,NA,4.234,6213.008674,1386.32904761905,38.5581993750696
"118","2018P04","sales_vol_fchem_la",2671027,2018,4,"0","0","1","0",1,0,2671027,0,"0","[0,0,1]","la",18.376834,NA,4.583,6213.008674,1295.71,32.1875216504781
"119","2018P05","sales_vol_fchem_la",2522142,2018,5,"0","0","1","0",1,0,2522142,0,"0","[0,0,1]","la",19.544041,NA,4.517,6213.008674,1341.47227272727,43.7069303572719
"120","2018P06","sales_vol_fchem_la",3860080,2018,6,"0","0","1","0",1,0,3860080,0,"0","[0,0,1]","la",20.265505,NA,5.086,6213.008674,1389.08142857143,40.7761580198177
"121","2018P07","sales_vol_fchem_la",3855253,2018,7,"0","0","1","0",1,0,3855253,0,"0","[0,0,1]","la",19.00465,NA,4.734,6213.008674,1350.28571428571,19.1859551681506
"122","2018P08","sales_vol_fchem_la",4671643,2018,8,"0","0","1","0",1,0,4671643,0,"0","[0,0,1]","la",18.850329,NA,4.959,6213.008674,1368.66304347826,26.8979465986773
"123","2018P09","sales_vol_fchem_la",5696736,2018,9,"0","0","1","0",1,0,5696736,0,"0","[0,0,1]","la",18.994119,NA,5.335,6213.008674,1372.31842105263,15.8691777645843
"124","2018P10","sales_vol_fchem_la",5755991,2018,10,"0","0","1","0",1,0,5755991,0,"0","[0,0,1]","la",19.170876,NA,4.892,6213.008674,1257.22739130435,71.1182372862514
"125","2018P11","sales_vol_fchem_la",5611084,2018,11,"0","0","1","0",1,0,5611084,0,"0","[0,0,1]","la",20.236124,NA,3.576,6213.008674,1212.8180952381,24.730919638996
"126","2018P12","sales_vol_fchem_la",3646712,2018,12,"0","0","1","0",1,0,3646712,0,"0","[0,0,1]","la",20.097902,NA,3.17,6213.008674,1167.34789473684,45.9836124890581
"127","2015P07","sales_vol_fchem_na",6867356,2015,7,"0","0","0","1",1,0,6867356,0,"0","[0,0,0]","na",1,14.35,47.12,19686,660.795454545455,12.6246454838571
"128","2015P08","sales_vol_fchem_na",4315282,2015,8,"0","0","0","1",1,0,4315282,0,"0","[0,0,0]","na",1,14.35,49.2,19686,619.077619047619,25.8398142223898
"129","2015P09","sales_vol_fchem_na",7747811,2015,9,"0","0","0","1",1,0,7747811,0,"0","[0,0,0]","na",1,14.35,45.09,19686,605.460952380952,14.1203986858594
"130","2015P10","sales_vol_fchem_na",4031691,2015,10,"0","0","0","1",1,0,4031691,0,"0","[0,0,0]","na",1,14.35,46.59,19686,643.825454545455,24.0925945404041
"131","2015P11","sales_vol_fchem_na",5384748,2015,11,"0","0","0","1",1,0,5384748,0,"0","[0,0,0]","na",1,14.35,41.65,19686,662.7245,7.80557997103422
"132","2015P12","sales_vol_fchem_na",8557174,2015,12,"0","0","0","1",1,0,8557174,0,"0","[0,0,0]","na",1,14.35,37.04,19686,672.488181818182,8.93516628478712
"133","2016P01","sales_vol_fchem_na",6144116,2016,1,"0","0","0","1",1,0,6144116,0,"0","[0,0,0]","na",1,14.6,33.62,20166,602.928421052632,22.5803907709415
"134","2016P02","sales_vol_fchem_na",10521236,2016,2,"0","0","0","1",1,0,10521236,0,"0","[0,0,0]","na",1,14.6,33.75,20166,596.7805,20.2187402582747
"135","2016P03","sales_vol_fchem_na",14423612,2016,3,"0","0","0","1",1,0,14423612,0,"0","[0,0,0]","na",1,14.6,38.34,20166,658.052272727273,13.591735910653
"136","2016P04","sales_vol_fchem_na",9338624,2016,4,"0","0","0","1",1,0,9338624,0,"0","[0,0,0]","na",1,14.6,45.92,20166,671.662380952381,5.93780338573273
"137","2016P05","sales_vol_fchem_na",10931032,2016,5,"0","0","0","1",1,0,10931032,0,"0","[0,0,0]","na",1,14.6,49.1,20166,654.551904761905,22.1926633415297
"138","2016P06","sales_vol_fchem_na",9323319,2016,6,"0","0","0","1",1,0,9323319,0,"0","[0,0,0]","na",1,14.6,48.33,20166,694.69,14.7182047947755
"139","2016P07","sales_vol_fchem_na",8417281,2016,7,"0","0","0","1",1,0,8417281,0,"0","[0,0,0]","na",1,14.6,41.6,20166,725.4515,32.5559357147534
"140","2016P08","sales_vol_fchem_na",20493147,2016,8,"0","0","0","1",1,0,20493147,0,"0","[0,0,0]","na",1,14.6,44.7,20166,784.219130434783,15.2831972241185
"141","2016P09","sales_vol_fchem_na",16174107,2016,9,"0","0","0","1",1,0,16174107,0,"0","[0,0,0]","na",1,14.6,48.24,20166,801.167142857143,14.38694308839
"142","2016P10","sales_vol_fchem_na",5717675,2016,10,"0","0","0","1",1,0,5717675,0,"0","[0,0,0]","na",1,14.6,46.86,20166,822.136666666667,10.8359034387232
"143","2016P11","sales_vol_fchem_na",8200337,2016,11,"0","0","0","1",1,0,8200337,0,"0","[0,0,0]","na",1,14.6,49.44,20166,848.376666666667,31.5619418498503
"144","2016P12","sales_vol_fchem_na",8349945,2016,12,"0","0","0","1",1,0,8349945,0,"0","[0,0,0]","na",1,14.6,53.72,20166,898.417142857143,26.4650768264249
"145","2017P01","sales_vol_fchem_na",18943300,2017,1,"0","0","0","1",1,0,18943300,0,"0","[0,0,0]","na",1,15.32,52.81,21050,926.8525,17.3312221681596
"146","2017P02","sales_vol_fchem_na",10789809,2017,2,"0","0","0","1",1,0,10789809,0,"0","[0,0,0]","na",1,15.32,54.01,21050,969.751052631579,8.79664196961093
"147","2017P03","sales_vol_fchem_na",25219849,2017,3,"0","0","0","1",1,0,25219849,0,"0","[0,0,0]","na",1,15.32,50.6,21050,994.59,13.2156302088921
"148","2017P04","sales_vol_fchem_na",14540018,2017,4,"0","0","0","1",1,0,14540018,0,"0","[0,0,0]","na",1,15.32,49.33,21050,993.981052631579,16.5475868985101
"149","2017P05","sales_vol_fchem_na",27867889,2017,5,"0","0","0","1",1,0,27867889,0,"0","[0,0,0]","na",1,15.32,48.32,21050,1045.63181818182,30.2911723171343
"150","2017P06","sales_vol_fchem_na",23444090,2017,6,"0","0","0","1",1,0,23444090,0,"0","[0,0,0]","na",1,15.32,46.04,21050,1085.08545454545,22.4222316818169
"151","2017P07","sales_vol_fchem_na",23119050,2017,7,"0","0","0","1",1,0,23119050,0,"0","[0,0,0]","na",1,15.32,50.17,21050,1085.188,27.4927800282949
"152","2017P08","sales_vol_fchem_na",14714380,2017,8,"0","0","0","1",1,0,14714380,0,"0","[0,0,0]","na",1,15.32,47.23,21050,1084.53565217391,11.0682296466003
"153","2017P09","sales_vol_fchem_na",16390431,2017,9,"0","0","0","1",1,0,16390431,0,"0","[0,0,0]","na",1,15.32,51.67,21050,1132.5295,21.256843226297
"154","2017P10","sales_vol_fchem_na",20422150,2017,10,"0","0","0","1",1,0,20422150,0,"0","[0,0,0]","na",1,15.32,54.38,21050,1218.88954545455,26.7582783767624
"155","2017P11","sales_vol_fchem_na",13848381,2017,11,"0","0","0","1",1,0,13848381,0,"0","[0,0,0]","na",1,15.32,57.4,21050,1306.37714285714,19.5550456769748
"156","2017P12","sales_vol_fchem_na",10018552,2017,12,"0","0","0","1",1,0,10018552,0,"0","[0,0,0]","na",1,15.32,60.42,21050,1253.1165,17.4883212985725
"157","2018P01","sales_vol_fchem_na",12054876,2018,1,"0","0","0","1",1,0,12054876,0,"0","[0,0,0]","na",1,NA,64.73,22436.13577,1341.99095238095,31.0146020294896
"158","2018P02","sales_vol_fchem_na",12441186,2018,2,"0","0","0","1",1,0,12441186,0,"0","[0,0,0]","na",1,NA,61.64,22436.13577,1313.36210526316,42.200207158384
"159","2018P03","sales_vol_fchem_na",21066416,2018,3,"0","0","0","1",1,0,21066416,0,"0","[0,0,0]","na",1,NA,64.94,22436.13577,1386.32904761905,38.5581993750696
"160","2018P04","sales_vol_fchem_na",16454831,2018,4,"0","0","0","1",1,0,16454831,0,"0","[0,0,0]","na",1,NA,68.57,22436.13577,1295.71,32.1875216504781
"161","2018P05","sales_vol_fchem_na",20539534,2018,5,"0","0","0","1",1,0,20539534,0,"0","[0,0,0]","na",1,NA,67.04,22436.13577,1341.47227272727,43.7069303572719
"162","2018P06","sales_vol_fchem_na",18963472,2018,6,"0","0","0","1",1,0,18963472,0,"0","[0,0,0]","na",1,NA,74.15,22436.13577,1389.08142857143,40.7761580198177
"163","2018P07","sales_vol_fchem_na",19379893,2018,7,"0","0","0","1",1,0,19379893,0,"0","[0,0,0]","na",1,NA,68.76,22436.13577,1350.28571428571,19.1859551681506
"164","2018P08","sales_vol_fchem_na",28980609,2018,8,"0","0","0","1",1,0,28980609,0,"0","[0,0,0]","na",1,NA,69.8,22436.13577,1368.66304347826,26.8979465986773
"165","2018P09","sales_vol_fchem_na",3591482,2018,9,"0","0","0","1",1,0,3591482,0,"0","[0,0,0]","na",1,NA,73.25,22436.13577,1372.31842105263,15.8691777645843
"166","2018P10","sales_vol_fchem_na",9464119,2018,10,"0","0","0","1",1,0,9464119,0,"0","[0,0,0]","na",1,NA,65.31,22436.13577,1257.22739130435,71.1182372862514
"167","2018P11","sales_vol_fchem_na",17316717,2018,11,"0","0","0","1",1,0,17316717,0,"0","[0,0,0]","na",1,NA,50.93,22436.13577,1212.8180952381,24.730919638996
"168","2018P12","sales_vol_fchem_na",18548871,2018,12,"0","0","0","1",1,0,18548871,0,"0","[0,0,0]","na",1,NA,45.41,22436.13577,1167.34789473684,45.9836124890581
"169","2015P07","sales_vol_fpoly_apac",4317096,2015,7,"1","0","0","0",0,1,0,4317096,"0","[1,0,0]","apac",123.265726,64.37,43.62,21795,660.795454545455,12.6246454838571
"170","2015P08","sales_vol_fpoly_apac",3605318,2015,8,"1","0","0","0",0,1,0,3605318,"0","[1,0,0]","apac",123.214161,64.37,36.95,21795,619.077619047619,25.8398142223898
"171","2015P09","sales_vol_fpoly_apac",2382878,2015,9,"1","0","0","0",0,1,0,2382878,"0","[1,0,0]","apac",120.1415,64.37,34.3,21795,605.460952380952,14.1203986858594
"172","2015P10","sales_vol_fpoly_apac",3579367,2015,10,"1","0","0","0",0,1,0,3579367,"0","[1,0,0]","apac",120.136258,64.37,34.7,21795,643.825454545455,24.0925945404041
"173","2015P11","sales_vol_fpoly_apac",5022365,2015,11,"1","0","0","0",0,1,0,5022365,"0","[1,0,0]","apac",122.555467,64.37,32.13,21795,662.7245,7.80557997103422
"174","2015P12","sales_vol_fpoly_apac",5187597,2015,12,"1","0","0","0",0,1,0,5187597,"0","[1,0,0]","apac",121.61779,64.37,26.5,21795,672.488181818182,8.93516628478712
"175","2016P01","sales_vol_fpoly_apac",4179552,2016,1,"1","0","0","0",0,1,0,4179552,"0","[1,0,0]","apac",118.457194,67.28,19.96,22512,602.928421052632,22.5803907709415
"176","2016P02","sales_vol_fpoly_apac",5033657,2016,2,"1","0","0","0",0,1,0,5033657,"0","[1,0,0]","apac",114.778466,67.28,21.24,22512,596.7805,20.2187402582747
"177","2016P03","sales_vol_fpoly_apac",7504017,2016,3,"1","0","0","0",0,1,0,7504017,"0","[1,0,0]","apac",112.976274,67.28,24.99,22512,658.052272727273,13.591735910653
"178","2016P04","sales_vol_fpoly_apac",6301190,2016,4,"1","0","0","0",0,1,0,6301190,"0","[1,0,0]","apac",109.79655,67.28,26.84,22512,671.662380952381,5.93780338573273
"179","2016P05","sales_vol_fpoly_apac",3475383,2016,5,"1","0","0","0",0,1,0,3475383,"0","[1,0,0]","apac",108.739032,67.28,30.39,22512,654.551904761905,22.1926633415297
"180","2016P06","sales_vol_fpoly_apac",7112313,2016,6,"1","0","0","0",0,1,0,7112313,"0","[1,0,0]","apac",105.513333,67.28,30.74,22512,694.69,14.7182047947755
"181","2016P07","sales_vol_fpoly_apac",4912224,2016,7,"1","0","0","0",0,1,0,4912224,"0","[1,0,0]","apac",103.867129,67.28,27.81,22512,725.4515,32.5559357147534
"182","2016P08","sales_vol_fpoly_apac",4942673,2016,8,"1","0","0","0",0,1,0,4942673,"0","[1,0,0]","apac",101.233242,67.28,27.85,22512,784.219130434783,15.2831972241185
"183","2016P09","sales_vol_fpoly_apac",3650221,2016,9,"1","0","0","0",0,1,0,3650221,"0","[1,0,0]","apac",102.099817,67.28,27.8,22512,801.167142857143,14.38694308839
"184","2016P10","sales_vol_fpoly_apac",4258687,2016,10,"1","0","0","0",0,1,0,4258687,"0","[1,0,0]","apac",103.673468,67.28,31.98,22512,822.136666666667,10.8359034387232
"185","2016P11","sales_vol_fpoly_apac",2927082,2016,11,"1","0","0","0",0,1,0,2927082,"0","[1,0,0]","apac",108.52975,67.28,29.83,22512,848.376666666667,31.5619418498503
"186","2016P12","sales_vol_fpoly_apac",3180887,2016,12,"1","0","0","0",0,1,0,3180887,"0","[1,0,0]","apac",116.073137,67.28,37.92,22512,898.417142857143,26.4650768264249
"187","2017P01","sales_vol_fpoly_apac",3232366,2017,1,"1","0","0","0",0,1,0,3232366,"0","[1,0,0]","apac",115.093355,74.28,38.78,23996,926.8525,17.3312221681596
"188","2017P02","sales_vol_fpoly_apac",5718174,2017,2,"1","0","0","0",0,1,0,5718174,"0","[1,0,0]","apac",112.865464,74.28,38.74,23996,969.751052631579,8.79664196961093
"189","2017P03","sales_vol_fpoly_apac",4458928,2017,3,"1","0","0","0",0,1,0,4458928,"0","[1,0,0]","apac",112.988573,74.28,36.38,23996,994.59,13.2156302088921
"190","2017P04","sales_vol_fpoly_apac",5946106,2017,4,"1","0","0","0",0,1,0,5946106,"0","[1,0,0]","apac",110.149052,74.28,36.33,23996,993.981052631579,16.5475868985101
"191","2017P05","sales_vol_fpoly_apac",6034931,2017,5,"1","0","0","0",0,1,0,6034931,"0","[1,0,0]","apac",112.234879,74.28,35.68,23996,1045.63181818182,30.2911723171343
"192","2017P06","sales_vol_fpoly_apac",7668361,2017,6,"1","0","0","0",0,1,0,7668361,"0","[1,0,0]","apac",110.8545,74.28,32.41,23996,1085.08545454545,22.4222316818169
"193","2017P07","sales_vol_fpoly_apac",5549065,2017,7,"1","0","0","0",0,1,0,5549065,"0","[1,0,0]","apac",112.338871,74.28,33.64,23996,1085.188,27.4927800282949
"194","2017P08","sales_vol_fpoly_apac",6560338,2017,8,"1","0","0","0",0,1,0,6560338,"0","[1,0,0]","apac",109.796917,74.28,34.72,23996,1084.53565217391,11.0682296466003
"195","2017P09","sales_vol_fpoly_apac",5792275,2017,9,"1","0","0","0",0,1,0,5792275,"0","[1,0,0]","apac",110.6931,74.28,37.35,23996,1132.5295,21.256843226297
"196","2017P10","sales_vol_fpoly_apac",4887449,2017,10,"1","0","0","0",0,1,0,4887449,"0","[1,0,0]","apac",112.931667,74.28,39.5,23996,1218.88954545455,26.7582783767624
"197","2017P11","sales_vol_fpoly_apac",5190358,2017,11,"1","0","0","0",0,1,0,5190358,"0","[1,0,0]","apac",112.798983,74.28,43.25,23996,1306.37714285714,19.5550456769748
"198","2017P12","sales_vol_fpoly_apac",6255076,2017,12,"1","0","0","0",0,1,0,6255076,"0","[1,0,0]","apac",112.897742,74.28,43.77,23996,1253.1165,17.4883212985725
"199","2018P01","sales_vol_fpoly_apac",6391361,2018,1,"1","0","0","0",0,1,0,6391361,"0","[1,0,0]","apac",110.932,NA,46.13,25153.18537,1341.99095238095,31.0146020294896
"200","2018P02","sales_vol_fpoly_apac",3515353,2018,2,"1","0","0","0",0,1,0,3515353,"0","[1,0,0]","apac",107.93567,NA,42.64,25153.18537,1313.36210526316,42.200207158384
"201","2018P03","sales_vol_fpoly_apac",5919873,2018,3,"1","0","0","0",0,1,0,5919873,"0","[1,0,0]","apac",106.030217,NA,41.85,25153.18537,1386.32904761905,38.5581993750696
"202","2018P04","sales_vol_fpoly_apac",3703138,2018,4,"1","0","0","0",0,1,0,3703138,"0","[1,0,0]","apac",107.59585,NA,46.3,25153.18537,1295.71,32.1875216504781
"203","2018P05","sales_vol_fpoly_apac",4661045,2018,5,"1","0","0","0",0,1,0,4661045,"0","[1,0,0]","apac",109.664452,NA,51.45,25153.18537,1341.47227272727,43.7069303572719
"204","2018P06","sales_vol_fpoly_apac",3404835,2018,6,"1","0","0","0",0,1,0,3404835,"0","[1,0,0]","apac",110.0477,NA,50.95,25153.18537,1389.08142857143,40.7761580198177
"205","2018P07","sales_vol_fpoly_apac",5668363,2018,7,"1","0","0","0",0,1,0,5668363,"0","[1,0,0]","apac",111.431677,NA,51.29,25153.18537,1350.28571428571,19.1859551681506
"206","2018P08","sales_vol_fpoly_apac",7180172,2018,8,"1","0","0","0",0,1,0,7180172,"0","[1,0,0]","apac",111.006984,NA,50.74,25153.18537,1368.66304347826,26.8979465986773
"207","2018P09","sales_vol_fpoly_apac",3633371,2018,9,"1","0","0","0",0,1,0,3633371,"0","[1,0,0]","apac",112.0468,NA,54.49,25153.18537,1372.31842105263,15.8691777645843
"208","2018P10","sales_vol_fpoly_apac",6095748,2018,10,"1","0","0","0",0,1,0,6095748,"0","[1,0,0]","apac",112.710935,NA,56.4,25153.18537,1257.22739130435,71.1182372862514
"209","2018P11","sales_vol_fpoly_apac",8604825,2018,11,"1","0","0","0",0,1,0,8604825,"0","[1,0,0]","apac",113.2999,NA,46.7,25153.18537,1212.8180952381,24.730919638996
"210","2018P12","sales_vol_fpoly_apac",7922180,2018,12,"1","0","0","0",0,1,0,7922180,"0","[1,0,0]","apac",112.116258,NA,40.48,25153.18537,1167.34789473684,45.9836124890581
"211","2015P07","sales_vol_fpoly_emea",3757280,2015,7,"0","1","0","0",0,1,0,3757280,"0","[0,1,0]","emea",0.908471,13.32,56.56,19881,660.795454545455,12.6246454838571
"212","2015P08","sales_vol_fpoly_emea",3907939,2015,8,"0","1","0","0",0,1,0,3907939,"0","[0,1,0]","emea",0.898781,13.32,46.52,19881,619.077619047619,25.8398142223898
"213","2015P09","sales_vol_fpoly_emea",3529643,2015,9,"0","1","0","0",0,1,0,3529643,"0","[0,1,0]","emea",0.889836,13.32,47.62,19881,605.460952380952,14.1203986858594
"214","2015P10","sales_vol_fpoly_emea",3114404,2015,10,"0","1","0","0",0,1,0,3114404,"0","[0,1,0]","emea",0.890691,13.32,48.43,19881,643.825454545455,24.0925945404041
"215","2015P11","sales_vol_fpoly_emea",4049933,2015,11,"0","1","0","0",0,1,0,4049933,"0","[0,1,0]","emea",0.931522,13.32,44.27,19881,662.7245,7.80557997103422
"216","2015P12","sales_vol_fpoly_emea",3841738,2015,12,"0","1","0","0",0,1,0,3841738,"0","[0,1,0]","emea",0.91807,13.32,38.01,19881,672.488181818182,8.93516628478712
"217","2016P01","sales_vol_fpoly_emea",5047354,2016,1,"0","1","0","0",0,1,0,5047354,"0","[0,1,0]","emea",0.920897,13.96,30.7,19945.747,602.928421052632,22.5803907709415
"218","2016P02","sales_vol_fpoly_emea",5040833,2016,2,"0","1","0","0",0,1,0,5040833,"0","[0,1,0]","emea",0.900873,13.96,32.18,19945.747,596.7805,20.2187402582747
"219","2016P03","sales_vol_fpoly_emea",7611608,2016,3,"0","1","0","0",0,1,0,7611608,"0","[0,1,0]","emea",0.89946,13.96,38.21,19945.747,658.052272727273,13.591735910653
"220","2016P04","sales_vol_fpoly_emea",5470688,2016,4,"0","1","0","0",0,1,0,5470688,"0","[0,1,0]","emea",0.88188,13.96,41.58,19945.747,671.662380952381,5.93780338573273
"221","2016P05","sales_vol_fpoly_emea",4565398,2016,5,"0","1","0","0",0,1,0,4565398,"0","[0,1,0]","emea",0.88437,13.96,46.74,19945.747,654.551904761905,22.1926633415297
"222","2016P06","sales_vol_fpoly_emea",5816368,2016,6,"0","1","0","0",0,1,0,5816368,"0","[0,1,0]","emea",0.889375,13.96,48.25,19945.747,694.69,14.7182047947755
"223","2016P07","sales_vol_fpoly_emea",5098109,2016,7,"0","1","0","0",0,1,0,5098109,"0","[0,1,0]","emea",0.904111,13.96,44.95,19945.747,725.4515,32.5559357147534
"224","2016P08","sales_vol_fpoly_emea",4646981,2016,8,"0","1","0","0",0,1,0,4646981,"0","[0,1,0]","emea",0.89262,13.96,45.84,19945.747,784.219130434783,15.2831972241185
"225","2016P09","sales_vol_fpoly_emea",4550718,2016,9,"0","1","0","0",0,1,0,4550718,"0","[0,1,0]","emea",0.892636,13.96,46.57,19945.747,801.167142857143,14.38694308839
"226","2016P10","sales_vol_fpoly_emea",4043782,2016,10,"0","1","0","0",0,1,0,4043782,"0","[0,1,0]","emea",0.906425,13.96,49.52,19945.747,822.136666666667,10.8359034387232
"227","2016P11","sales_vol_fpoly_emea",3142177,2016,11,"0","1","0","0",0,1,0,3142177,"0","[0,1,0]","emea",0.92746,13.96,44.73,19945.747,848.376666666667,31.5619418498503
"228","2016P12","sales_vol_fpoly_emea",3162728,2016,12,"0","1","0","0",0,1,0,3162728,"0","[0,1,0]","emea",0.949012,13.96,53.31,19945.747,898.417142857143,26.4650768264249
"229","2017P01","sales_vol_fpoly_emea",4537259,2017,1,"0","1","0","0",0,1,0,4537259,"0","[0,1,0]","emea",0.940876,14.2,54.58,20906.872,926.8525,17.3312221681596
"230","2017P02","sales_vol_fpoly_emea",4762225,2017,2,"0","1","0","0",0,1,0,4762225,"0","[0,1,0]","emea",0.939114,14.2,54.87,20906.872,969.751052631579,8.79664196961093
"231","2017P03","sales_vol_fpoly_emea",6131409,2017,3,"0","1","0","0",0,1,0,6131409,"0","[0,1,0]","emea",0.9351,14.2,51.59,20906.872,994.59,13.2156302088921
"232","2017P04","sales_vol_fpoly_emea",5487475,2017,4,"0","1","0","0",0,1,0,5487475,"0","[0,1,0]","emea",0.93391,14.2,52.31,20906.872,993.981052631579,16.5475868985101
"233","2017P05","sales_vol_fpoly_emea",6606170,2017,5,"0","1","0","0",0,1,0,6606170,"0","[0,1,0]","emea",0.904193,14.2,50.33,20906.872,1045.63181818182,30.2911723171343
"234","2017P06","sales_vol_fpoly_emea",7390610,2017,6,"0","1","0","0",0,1,0,7390610,"0","[0,1,0]","emea",0.890534,14.2,46.37,20906.872,1085.08545454545,22.4222316818169
"235","2017P07","sales_vol_fpoly_emea",5962586,2017,7,"0","1","0","0",0,1,0,5962586,"0","[0,1,0]","emea",0.867527,14.2,48.48,20906.872,1085.188,27.4927800282949
"236","2017P08","sales_vol_fpoly_emea",5497482,2017,8,"0","1","0","0",0,1,0,5497482,"0","[0,1,0]","emea",0.846339,14.2,51.7,20906.872,1084.53565217391,11.0682296466003
"237","2017P09","sales_vol_fpoly_emea",6049548,2017,9,"0","1","0","0",0,1,0,6049548,"0","[0,1,0]","emea",0.839493,14.2,56.15,20906.872,1132.5295,21.256843226297
"238","2017P10","sales_vol_fpoly_emea",5358414,2017,10,"0","1","0","0",0,1,0,5358414,"0","[0,1,0]","emea",0.851139,14.2,57.51,20906.872,1218.88954545455,26.7582783767624
"239","2017P11","sales_vol_fpoly_emea",7432274,2017,11,"0","1","0","0",0,1,0,7432274,"0","[0,1,0]","emea",0.851487,14.2,62.71,20906.872,1306.37714285714,19.5550456769748
"240","2017P12","sales_vol_fpoly_emea",6077191,2017,12,"0","1","0","0",0,1,0,6077191,"0","[0,1,0]","emea",0.84425,14.2,64.37,20906.872,1253.1165,17.4883212985725
"241","2018P01","sales_vol_fpoly_emea",5542991,2018,1,"0","1","0","0",0,1,0,5542991,"0","[0,1,0]","emea",0.819901,NA,69.08,22377.16234,1341.99095238095,31.0146020294896
"242","2018P02","sales_vol_fpoly_emea",3879497,2018,2,"0","1","0","0",0,1,0,3879497,"0","[0,1,0]","emea",0.810022,NA,65.32,22377.16234,1313.36210526316,42.200207158384
"243","2018P03","sales_vol_fpoly_emea",5630138,2018,3,"0","1","0","0",0,1,0,5630138,"0","[0,1,0]","emea",0.811046,NA,66.02,22377.16234,1386.32904761905,38.5581993750696
"244","2018P04","sales_vol_fpoly_emea",4021423,2018,4,"0","1","0","0",0,1,0,4021423,"0","[0,1,0]","emea",0.814554,NA,72.11,22377.16234,1295.71,32.1875216504781
"245","2018P05","sales_vol_fpoly_emea",5445074,2018,5,"0","1","0","0",0,1,0,5445074,"0","[0,1,0]","emea",0.845653,NA,76.98,22377.16234,1341.47227272727,43.7069303572719
"246","2018P06","sales_vol_fpoly_emea",4722484,2018,6,"0","1","0","0",0,1,0,4722484,"0","[0,1,0]","emea",0.856183,NA,74.4,22377.16234,1389.08142857143,40.7761580198177
"247","2018P07","sales_vol_fpoly_emea",5018027,2018,7,"0","1","0","0",0,1,0,5018027,"0","[0,1,0]","emea",0.855282,NA,74.25,22377.16234,1350.28571428571,19.1859551681506
"248","2018P08","sales_vol_fpoly_emea",6339638,2018,8,"0","1","0","0",0,1,0,6339638,"0","[0,1,0]","emea",0.866686,NA,72.53,22377.16234,1368.66304347826,26.8979465986773
"249","2018P09","sales_vol_fpoly_emea",5594495,2018,9,"0","1","0","0",0,1,0,5594495,"0","[0,1,0]","emea",0.857968,NA,78.89,22377.16234,1372.31842105263,15.8691777645843
"250","2018P10","sales_vol_fpoly_emea",5399525,2018,10,"0","1","0","0",0,1,0,5399525,"0","[0,1,0]","emea",0.870075,NA,81.03,22377.16234,1257.22739130435,71.1182372862514
"251","2018P11","sales_vol_fpoly_emea",6901736,2018,11,"0","1","0","0",0,1,0,6901736,"0","[0,1,0]","emea",0.879906,NA,64.75,22377.16234,1212.8180952381,24.730919638996
"252","2018P12","sales_vol_fpoly_emea",6564564,2018,12,"0","1","0","0",0,1,0,6564564,"0","[0,1,0]","emea",0.879002,NA,57.36,22377.16234,1167.34789473684,45.9836124890581
"253","2015P07","sales_vol_fpoly_la",2252660,2015,7,"0","0","1","0",0,1,0,2252660,"0","[0,0,1]","la",15.924197,7.32,3.038,5517,660.795454545455,12.6246454838571
"254","2015P08","sales_vol_fpoly_la",2096358,2015,8,"0","0","1","0",0,1,0,2096358,"0","[0,0,1]","la",16.501674,7.32,3.23,5517,619.077619047619,25.8398142223898
"255","2015P09","sales_vol_fpoly_la",2400085,2015,9,"0","0","1","0",0,1,0,2400085,"0","[0,0,1]","la",16.839714,7.32,2.979,5517,605.460952380952,14.1203986858594
"256","2015P10","sales_vol_fpoly_la",1957038,2015,10,"0","0","1","0",0,1,0,1957038,"0","[0,0,1]","la",16.571246,7.32,3.068,5517,643.825454545455,24.0925945404041
"257","2015P11","sales_vol_fpoly_la",2416493,2015,11,"0","0","1","0",0,1,0,2416493,"0","[0,0,1]","la",16.63311,7.32,2.798,5517,662.7245,7.80557997103422
"258","2015P12","sales_vol_fpoly_la",3101957,2015,12,"0","0","1","0",0,1,0,3101957,"0","[0,0,1]","la",17.068297,7.32,2.493,5517,672.488181818182,8.93516628478712
"259","2016P01","sales_vol_fpoly_la",2464779,2016,1,"0","0","1","0",0,1,0,2464779,"0","[0,0,1]","la",17.998914,6.47,2.286,5381,602.928421052632,22.5803907709415
"260","2016P02","sales_vol_fpoly_la",3039015,2016,2,"0","0","1","0",0,1,0,3039015,"0","[0,0,1]","la",18.463555,6.47,2.321,5381,596.7805,20.2187402582747
"261","2016P03","sales_vol_fpoly_la",4242098,2016,3,"0","0","1","0",0,1,0,4242098,"0","[0,0,1]","la",17.64969,6.47,2.572,5381,658.052272727273,13.591735910653
"262","2016P04","sales_vol_fpoly_la",3255591,2016,4,"0","0","1","0",0,1,0,3255591,"0","[0,0,1]","la",17.489131,6.47,3.035,5381,671.662380952381,5.93780338573273
"263","2016P05","sales_vol_fpoly_la",2673193,2016,5,"0","0","1","0",0,1,0,2673193,"0","[0,0,1]","la",18.094523,6.47,3.333,5381,654.551904761905,22.1926633415297
"264","2016P06","sales_vol_fpoly_la",3470849,2016,6,"0","0","1","0",0,1,0,3470849,"0","[0,0,1]","la",18.683862,6.47,3.304,5381,694.69,14.7182047947755
"265","2016P07","sales_vol_fpoly_la",2544336,2016,7,"0","0","1","0",0,1,0,2544336,"0","[0,0,1]","la",18.574292,6.47,2.782,5381,725.4515,32.5559357147534
"266","2016P08","sales_vol_fpoly_la",3282659,2016,8,"0","0","1","0",0,1,0,3282659,"0","[0,0,1]","la",18.473874,6.47,3.003,5381,784.219130434783,15.2831972241185
"267","2016P09","sales_vol_fpoly_la",3211327,2016,9,"0","0","1","0",0,1,0,3211327,"0","[0,0,1]","la",19.207967,6.47,3.212,5381,801.167142857143,14.38694308839
"268","2016P10","sales_vol_fpoly_la",2168573,2016,10,"0","0","1","0",0,1,0,2168573,"0","[0,0,1]","la",18.935282,6.47,3.153,5381,822.136666666667,10.8359034387232
"269","2016P11","sales_vol_fpoly_la",2011986,2016,11,"0","0","1","0",0,1,0,2011986,"0","[0,0,1]","la",20.130578,6.47,3.377,5381,848.376666666667,31.5619418498503
"270","2016P12","sales_vol_fpoly_la",2292301,2016,12,"0","0","1","0",0,1,0,2292301,"0","[0,0,1]","la",20.518796,6.47,3.65,5381,898.417142857143,26.4650768264249
"271","2017P01","sales_vol_fpoly_la",3032262,2017,1,"0","0","1","0",0,1,0,3032262,"0","[0,0,1]","la",21.34594,6.77,3.614,5974,926.8525,17.3312221681596
"272","2017P02","sales_vol_fpoly_la",2834431,2017,2,"0","0","1","0",0,1,0,2834431,"0","[0,0,1]","la",20.291954,6.77,3.566,5974,969.751052631579,8.79664196961093
"273","2017P03","sales_vol_fpoly_la",4287351,2017,3,"0","0","1","0",0,1,0,4287351,"0","[0,0,1]","la",19.272258,6.77,3.284,5974,994.59,13.2156302088921
"274","2017P04","sales_vol_fpoly_la",3253377,2017,4,"0","0","1","0",0,1,0,3253377,"0","[0,0,1]","la",18.742298,6.77,3.174,5974,993.981052631579,16.5475868985101
"275","2017P05","sales_vol_fpoly_la",4492219,2017,5,"0","0","1","0",0,1,0,4492219,"0","[0,0,1]","la",18.758285,6.77,3.127,5974,1045.63181818182,30.2911723171343
"276","2017P06","sales_vol_fpoly_la",5012688,2017,6,"0","0","1","0",0,1,0,5012688,"0","[0,0,1]","la",18.151448,6.77,2.968,5974,1085.08545454545,22.4222316818169
"277","2017P07","sales_vol_fpoly_la",4035674,2017,7,"0","0","1","0",0,1,0,4035674,"0","[0,0,1]","la",17.82685,6.77,3.183,5974,1085.188,27.4927800282949
"278","2017P08","sales_vol_fpoly_la",3543555,2017,8,"0","0","1","0",0,1,0,3543555,"0","[0,0,1]","la",17.792492,6.77,3.038,5974,1084.53565217391,11.0682296466003
"279","2017P09","sales_vol_fpoly_la",3961334,2017,9,"0","0","1","0",0,1,0,3961334,"0","[0,0,1]","la",17.819439,6.77,3.373,5974,1132.5295,21.256843226297
"280","2017P10","sales_vol_fpoly_la",3494870,2017,10,"0","0","1","0",0,1,0,3494870,"0","[0,0,1]","la",18.820464,6.77,3.528,5974,1218.88954545455,26.7582783767624
"281","2017P11","sales_vol_fpoly_la",3369302,2017,11,"0","0","1","0",0,1,0,3369302,"0","[0,0,1]","la",18.929347,6.77,3.687,5974,1306.37714285714,19.5550456769748
"282","2017P12","sales_vol_fpoly_la",3051986,2017,12,"0","0","1","0",0,1,0,3051986,"0","[0,0,1]","la",19.218886,6.77,3.85,5974,1253.1165,17.4883212985725
"283","2018P01","sales_vol_fpoly_la",2913991,2018,1,"0","0","1","0",0,1,0,2913991,"0","[0,0,1]","la",18.912,NA,4.112,6213.008674,1341.99095238095,31.0146020294896
"284","2018P02","sales_vol_fpoly_la",2473489,2018,2,"0","0","1","0",0,1,0,2473489,"0","[0,0,1]","la",18.628392,NA,4.093,6213.008674,1313.36210526316,42.200207158384
"285","2018P03","sales_vol_fpoly_la",3659808,2018,3,"0","0","1","0",0,1,0,3659808,"0","[0,0,1]","la",18.606821,NA,4.234,6213.008674,1386.32904761905,38.5581993750696
"286","2018P04","sales_vol_fpoly_la",2511574,2018,4,"0","0","1","0",0,1,0,2511574,"0","[0,0,1]","la",18.376834,NA,4.583,6213.008674,1295.71,32.1875216504781
"287","2018P05","sales_vol_fpoly_la",3491013,2018,5,"0","0","1","0",0,1,0,3491013,"0","[0,0,1]","la",19.544041,NA,4.517,6213.008674,1341.47227272727,43.7069303572719
"288","2018P06","sales_vol_fpoly_la",3444050,2018,6,"0","0","1","0",0,1,0,3444050,"0","[0,0,1]","la",20.265505,NA,5.086,6213.008674,1389.08142857143,40.7761580198177
"289","2018P07","sales_vol_fpoly_la",3453737,2018,7,"0","0","1","0",0,1,0,3453737,"0","[0,0,1]","la",19.00465,NA,4.734,6213.008674,1350.28571428571,19.1859551681506
"290","2018P08","sales_vol_fpoly_la",4652569,2018,8,"0","0","1","0",0,1,0,4652569,"0","[0,0,1]","la",18.850329,NA,4.959,6213.008674,1368.66304347826,26.8979465986773
"291","2018P09","sales_vol_fpoly_la",2855153,2018,9,"0","0","1","0",0,1,0,2855153,"0","[0,0,1]","la",18.994119,NA,5.335,6213.008674,1372.31842105263,15.8691777645843
"292","2018P10","sales_vol_fpoly_la",3283591,2018,10,"0","0","1","0",0,1,0,3283591,"0","[0,0,1]","la",19.170876,NA,4.892,6213.008674,1257.22739130435,71.1182372862514
"293","2018P11","sales_vol_fpoly_la",4149577,2018,11,"0","0","1","0",0,1,0,4149577,"0","[0,0,1]","la",20.236124,NA,3.576,6213.008674,1212.8180952381,24.730919638996
"294","2018P12","sales_vol_fpoly_la",4051930,2018,12,"0","0","1","0",0,1,0,4051930,"0","[0,0,1]","la",20.097902,NA,3.17,6213.008674,1167.34789473684,45.9836124890581
"295","2015P07","sales_vol_fpoly_na",2578109,2015,7,"0","0","0","1",0,1,0,2578109,"0","[0,0,0]","na",1,14.35,47.12,19686,660.795454545455,12.6246454838571
"296","2015P08","sales_vol_fpoly_na",2912551,2015,8,"0","0","0","1",0,1,0,2912551,"0","[0,0,0]","na",1,14.35,49.2,19686,619.077619047619,25.8398142223898
"297","2015P09","sales_vol_fpoly_na",3011585,2015,9,"0","0","0","1",0,1,0,3011585,"0","[0,0,0]","na",1,14.35,45.09,19686,605.460952380952,14.1203986858594
"298","2015P10","sales_vol_fpoly_na",2223048,2015,10,"0","0","0","1",0,1,0,2223048,"0","[0,0,0]","na",1,14.35,46.59,19686,643.825454545455,24.0925945404041
"299","2015P11","sales_vol_fpoly_na",2244818,2015,11,"0","0","0","1",0,1,0,2244818,"0","[0,0,0]","na",1,14.35,41.65,19686,662.7245,7.80557997103422
"300","2015P12","sales_vol_fpoly_na",4131481,2015,12,"0","0","0","1",0,1,0,4131481,"0","[0,0,0]","na",1,14.35,37.04,19686,672.488181818182,8.93516628478712
"301","2016P01","sales_vol_fpoly_na",3776443,2016,1,"0","0","0","1",0,1,0,3776443,"0","[0,0,0]","na",1,14.6,33.62,20166,602.928421052632,22.5803907709415
"302","2016P02","sales_vol_fpoly_na",3241456,2016,2,"0","0","0","1",0,1,0,3241456,"0","[0,0,0]","na",1,14.6,33.75,20166,596.7805,20.2187402582747
"303","2016P03","sales_vol_fpoly_na",5150284,2016,3,"0","0","0","1",0,1,0,5150284,"0","[0,0,0]","na",1,14.6,38.34,20166,658.052272727273,13.591735910653
"304","2016P04","sales_vol_fpoly_na",3797958,2016,4,"0","0","0","1",0,1,0,3797958,"0","[0,0,0]","na",1,14.6,45.92,20166,671.662380952381,5.93780338573273
"305","2016P05","sales_vol_fpoly_na",3745047,2016,5,"0","0","0","1",0,1,0,3745047,"0","[0,0,0]","na",1,14.6,49.1,20166,654.551904761905,22.1926633415297
"306","2016P06","sales_vol_fpoly_na",4528270,2016,6,"0","0","0","1",0,1,0,4528270,"0","[0,0,0]","na",1,14.6,48.33,20166,694.69,14.7182047947755
"307","2016P07","sales_vol_fpoly_na",4120345,2016,7,"0","0","0","1",0,1,0,4120345,"0","[0,0,0]","na",1,14.6,41.6,20166,725.4515,32.5559357147534
"308","2016P08","sales_vol_fpoly_na",3200823,2016,8,"0","0","0","1",0,1,0,3200823,"0","[0,0,0]","na",1,14.6,44.7,20166,784.219130434783,15.2831972241185
"309","2016P09","sales_vol_fpoly_na",3835024,2016,9,"0","0","0","1",0,1,0,3835024,"0","[0,0,0]","na",1,14.6,48.24,20166,801.167142857143,14.38694308839
"310","2016P10","sales_vol_fpoly_na",3599344,2016,10,"0","0","0","1",0,1,0,3599344,"0","[0,0,0]","na",1,14.6,46.86,20166,822.136666666667,10.8359034387232
"311","2016P11","sales_vol_fpoly_na",2445693,2016,11,"0","0","0","1",0,1,0,2445693,"0","[0,0,0]","na",1,14.6,49.44,20166,848.376666666667,31.5619418498503
"312","2016P12","sales_vol_fpoly_na",4805991,2016,12,"0","0","0","1",0,1,0,4805991,"0","[0,0,0]","na",1,14.6,53.72,20166,898.417142857143,26.4650768264249
"313","2017P01","sales_vol_fpoly_na",3400018,2017,1,"0","0","0","1",0,1,0,3400018,"0","[0,0,0]","na",1,15.32,52.81,21050,926.8525,17.3312221681596
"314","2017P02","sales_vol_fpoly_na",5720216,2017,2,"0","0","0","1",0,1,0,5720216,"0","[0,0,0]","na",1,15.32,54.01,21050,969.751052631579,8.79664196961093
"315","2017P03","sales_vol_fpoly_na",5285214,2017,3,"0","0","0","1",0,1,0,5285214,"0","[0,0,0]","na",1,15.32,50.6,21050,994.59,13.2156302088921
"316","2017P04","sales_vol_fpoly_na",3986851,2017,4,"0","0","0","1",0,1,0,3986851,"0","[0,0,0]","na",1,15.32,49.33,21050,993.981052631579,16.5475868985101
"317","2017P05","sales_vol_fpoly_na",4397592,2017,5,"0","0","0","1",0,1,0,4397592,"0","[0,0,0]","na",1,15.32,48.32,21050,1045.63181818182,30.2911723171343
"318","2017P06","sales_vol_fpoly_na",6019839,2017,6,"0","0","0","1",0,1,0,6019839,"0","[0,0,0]","na",1,15.32,46.04,21050,1085.08545454545,22.4222316818169
"319","2017P07","sales_vol_fpoly_na",3143721,2017,7,"0","0","0","1",0,1,0,3143721,"0","[0,0,0]","na",1,15.32,50.17,21050,1085.188,27.4927800282949
"320","2017P08","sales_vol_fpoly_na",5693881,2017,8,"0","0","0","1",0,1,0,5693881,"0","[0,0,0]","na",1,15.32,47.23,21050,1084.53565217391,11.0682296466003
"321","2017P09","sales_vol_fpoly_na",5843042,2017,9,"0","0","0","1",0,1,0,5843042,"0","[0,0,0]","na",1,15.32,51.67,21050,1132.5295,21.256843226297
"322","2017P10","sales_vol_fpoly_na",3079774,2017,10,"0","0","0","1",0,1,0,3079774,"0","[0,0,0]","na",1,15.32,54.38,21050,1218.88954545455,26.7582783767624
"323","2017P11","sales_vol_fpoly_na",4647934,2017,11,"0","0","0","1",0,1,0,4647934,"0","[0,0,0]","na",1,15.32,57.4,21050,1306.37714285714,19.5550456769748
"324","2017P12","sales_vol_fpoly_na",3709068,2017,12,"0","0","0","1",0,1,0,3709068,"0","[0,0,0]","na",1,15.32,60.42,21050,1253.1165,17.4883212985725
"325","2018P01","sales_vol_fpoly_na",4100907,2018,1,"0","0","0","1",0,1,0,4100907,"0","[0,0,0]","na",1,NA,64.73,22436.13577,1341.99095238095,31.0146020294896
"326","2018P02","sales_vol_fpoly_na",3599695,2018,2,"0","0","0","1",0,1,0,3599695,"0","[0,0,0]","na",1,NA,61.64,22436.13577,1313.36210526316,42.200207158384
"327","2018P03","sales_vol_fpoly_na",3639971,2018,3,"0","0","0","1",0,1,0,3639971,"0","[0,0,0]","na",1,NA,64.94,22436.13577,1386.32904761905,38.5581993750696
"328","2018P04","sales_vol_fpoly_na",1820395,2018,4,"0","0","0","1",0,1,0,1820395,"0","[0,0,0]","na",1,NA,68.57,22436.13577,1295.71,32.1875216504781
"329","2018P05","sales_vol_fpoly_na",3981069,2018,5,"0","0","0","1",0,1,0,3981069,"0","[0,0,0]","na",1,NA,67.04,22436.13577,1341.47227272727,43.7069303572719
"330","2018P06","sales_vol_fpoly_na",2878991,2018,6,"0","0","0","1",0,1,0,2878991,"0","[0,0,0]","na",1,NA,74.15,22436.13577,1389.08142857143,40.7761580198177
"331","2018P07","sales_vol_fpoly_na",3151052,2018,7,"0","0","0","1",0,1,0,3151052,"0","[0,0,0]","na",1,NA,68.76,22436.13577,1350.28571428571,19.1859551681506
"332","2018P08","sales_vol_fpoly_na",4518920,2018,8,"0","0","0","1",0,1,0,4518920,"0","[0,0,0]","na",1,NA,69.8,22436.13577,1368.66304347826,26.8979465986773
"333","2018P09","sales_vol_fpoly_na",4428794,2018,9,"0","0","0","1",0,1,0,4428794,"0","[0,0,0]","na",1,NA,73.25,22436.13577,1372.31842105263,15.8691777645843
"334","2018P10","sales_vol_fpoly_na",5736086,2018,10,"0","0","0","1",0,1,0,5736086,"0","[0,0,0]","na",1,NA,65.31,22436.13577,1257.22739130435,71.1182372862514
"335","2018P11","sales_vol_fpoly_na",4826234,2018,11,"0","0","0","1",0,1,0,4826234,"0","[0,0,0]","na",1,NA,50.93,22436.13577,1212.8180952381,24.730919638996
"336","2018P12","sales_vol_fpoly_na",5191078,2018,12,"0","0","0","1",0,1,0,5191078,"0","[0,0,0]","na",1,NA,45.41,22436.13577,1167.34789473684,45.9836124890581
