"date","close","volume","open","high","low"

"2019/04/12","1497.1180","0.0000","1490.4270","1497.1310","1484.9630"
"2019/04/11","1476.0700","0.0000","1478.3300","1486.0190","1471.6130"
"2019/04/10","1477.1580","0.0000","1465.2350","1481.3040","1463.6370"
"2019/04/09","1464.5160","0.0000","1472.2380","1472.2380","1458.2640"
"2019/04/08","1481.3770","0.0000","1472.3310","1482.4780","1468.1230"
"2019/04/05","1477.6460","0.0000","1475.1390","1478.1030","1467.0190"
"2019/04/04","1465.8940","0.0000","1460.0170","1475.2750","1458.9000"
"2019/04/03","1464.1950","0.0000","1451.6460","1476.6140","1450.6050"
"2019/04/02","1431.6300","0.0000","1431.5500","1434.8510","1423.2250"
"2019/04/01","1430.2440","0.0000","1417.6600","1431.5510","1410.5170"
"2019/03/29","1395.5110","0.0000","1392.0850","1398.0530","1386.8860"
"2019/03/28","1373.8010","0.0000","1380.1750","1391.1380","1365.1620"
"2019/03/27","1376.4820","0.0000","1398.5190","1402.0780","1366.6950"
"2019/03/26","1396.7490","0.0000","1399.8550","1408.7420","1386.3210"
"2019/03/25","1382.7480","0.0000","1388.3910","1403.0340","1371.9120"
"2019/03/22","1400.3690","0.0000","1433.2050","1437.6340","1399.7330"
"2019/03/21","1441.8300","0.0000","1399.5240","1450.7580","1399.5240"
"2019/03/20","1393.0100","0.0000","1410.1240","1413.8190","1384.8690"
"2019/03/19","1407.3540","0.0000","1398.5460","1411.6770","1398.5450"
"2019/03/18","1388.7730","0.0000","1392.6640","1401.7230","1380.8810"
"2019/03/15","1392.3550","0.0000","1373.7570","1402.4470","1371.2230"
"2019/03/14","1353.0620","0.0000","1362.2240","1367.0820","1352.5700"
"2019/03/13","1360.7680","0.0000","1362.7530","1371.3330","1358.8280"
"2019/03/12","1355.1250","0.0000","1354.2270","1362.1340","1342.6310"
"2019/03/11","1349.8760","0.0000","1325.9490","1355.8120","1324.4760"
"2019/03/08","1318.2060","0.0000","1297.2430","1319.3310","1292.7620"
"2019/03/07","1319.0900","0.0000","1326.9200","1328.5970","1311.4040"
"2019/03/06","1333.8210","0.0000","1354.8140","1355.1910","1333.3320"
"2019/03/05","1356.8970","0.0000","1361.1860","1365.3370","1351.7740"
"2019/03/04","1363.2540","0.0000","1372.7070","1376.2330","1346.4520"
"2019/03/01","1363.1350","0.0000","1365.6220","1368.8390","1348.7290"
"2019/02/28","1350.2020","0.0000","1342.4300","1354.2580","1339.9300"
"2019/02/27","1349.8690","0.0000","1358.8970","1359.1510","1336.0910"
"2019/02/26","1366.5770","0.0000","1371.8760","1377.1900","1362.8930"
"2019/02/25","1375.9530","0.0000","1384.7070","1391.4370","1374.6780"
"2019/02/22","1364.7770","0.0000","1361.0970","1366.1230","1355.3650"
"2019/02/21","1350.2510","0.0000","1359.4750","1363.2910","1346.2400"
"2019/02/20","1360.2790","0.0000","1353.5020","1368.3440","1353.3020"
"2019/02/19","1348.4860","0.0000","1345.9920","1357.7470","1345.7760"
"2019/02/15","1351.1800","0.0000","1355.4150","1358.0720","1343.0270"
"2019/02/14","1344.1060","0.0000","1336.0070","1353.4900","1334.4480"
"2019/02/13","1340.7110","0.0000","1342.2990","1350.6790","1336.3400"
"2019/02/12","1336.7180","0.0000","1324.9080","1339.2520","1322.9020"
"2019/02/11","1308.8850","0.0000","1307.2930","1311.6580","1297.5210"
"2019/02/08","1302.4220","0.0000","1284.3550","1304.5300","1279.6680"
"2019/02/07","1303.9150","0.0000","1314.4860","1322.5410","1293.1010"
"2019/02/06","1333.7570","0.0000","1321.2900","1343.7110","1321.2900"
"2019/02/05","1300.1320","0.0000","1291.7040","1305.0000","1291.1370"
"2019/02/04","1293.8790","0.0000","1285.3540","1293.9080","1276.8210"
"2019/02/01","1287.4020","0.0000","1275.8800","1292.7120","1274.6860"
"2019/01/31","1272.0900","0.0000","1266.7260","1282.6860","1260.3350"
"2019/01/30","1271.7590","0.0000","1254.9460","1276.4630","1244.2020"
"2019/01/29","1236.2510","0.0000","1255.9530","1258.8220","1234.9070"
"2019/01/28","1254.4020","0.0000","1234.4440","1264.8330","1230.6900"
"2019/01/25","1281.1610","0.0000","1260.5210","1285.3770","1250.3720"
"2019/01/24","1253.9140","0.0000","1218.4610","1258.7170","1218.0150"
"2019/01/23","1185.9450","0.0000","1200.3160","1205.3500","1174.9640"
"2019/01/22","1193.3560","0.0000","1217.0660","1217.6900","1185.0520"
"2019/01/18","1228.3280","0.0000","1210.7050","1236.1310","1206.5740"
"2019/01/17","1200.7550","0.0000","1177.6880","1206.8270","1172.3140"
"2019/01/16","1187.1860","0.0000","1197.6110","1206.7600","1186.3730"
"2019/01/15","1197.0290","0.0000","1202.2220","1210.8430","1191.9710"
"2019/01/14","1194.2770","0.0000","1196.0440","1202.1660","1187.9790"
"2019/01/11","1213.0430","0.0000","1194.6490","1224.0200","1192.0490"
"2019/01/10","1201.3980","0.0000","1181.2620","1202.9620","1178.7310"
"2019/01/09","1189.8420","0.0000","1175.0270","1195.6330","1174.6690"
"2019/01/08","1160.5450","0.0000","1177.7610","1177.8230","1145.3820"
"2019/01/07","1166.2400","0.0000","1147.2170","1176.7490","1143.2420"
"2019/01/04","1143.9640","0.0000","1114.4820","1148.4480","1111.7890"
"2019/01/03","1096.0260","0.0000","1136.9590","1142.9230","1094.5870"
"2019/01/02","1165.3020","0.0000","1131.4680","1173.5180","1131.4440"
"2018/12/31","1155.1730","0.0000","1160.1710","1164.3690","1143.5990"
"2018/12/28","1147.3660","0.0000","1144.7750","1168.3060","1137.8440"
"2018/12/27","1139.4880","0.0000","1112.0830","1140.0000","1101.0780"
"2018/12/26","1131.1030","0.0000","1082.1510","1131.3050","1066.3870"
"2018/12/24","1069.3910","0.0000","1091.6220","1103.1900","1068.9230"
"2018/12/21","1101.2950","0.0000","1135.5130","1138.5630","1097.2090"
"2018/12/20","1117.7420","0.0000","1131.5420","1144.8330","1104.3720"
"2018/12/19","1127.4420","0.0000","1167.5910","1183.3200","1122.1800"
"2018/12/18","1177.3630","0.0000","1173.6140","1195.5930","1171.6790"
"2018/12/17","1162.4630","0.0000","1175.5520","1193.9600","1155.7840"
"2018/12/14","1177.5650","0.0000","1179.8740","1201.7480","1177.2660"
"2018/12/13","1194.5950","0.0000","1207.9960","1211.9280","1190.1330"
"2018/12/12","1198.8990","0.0000","1203.6390","1216.0100","1190.4040"
"2018/12/11","1181.4790","0.0000","1200.2680","1208.9910","1174.5820"
"2018/12/10","1174.1850","0.0000","1157.5930","1178.7310","1152.1780"
"2018/12/07","1157.8630","0.0000","1200.0460","1202.9630","1152.3400"
"2018/12/06","1202.8250","0.0000","1178.0080","1202.8820","1170.5270"
"2018/12/04","1209.3460","0.0000","1263.2390","1263.6620","1208.5430"
"2018/12/03","1272.7370","0.0000","1278.7400","1281.3540","1259.4250"
"2018/11/30","1239.6020","0.0000","1220.5160","1239.6270","1210.1570"
"2018/11/29","1221.4300","0.0000","1226.4200","1233.8630","1219.1400"
"2018/11/28","1231.4490","0.0000","1214.4090","1231.7420","1192.9720"
"2018/11/27","1204.0760","0.0000","1193.1200","1213.5550","1189.4560"
"2018/11/26","1201.7210","0.0000","1199.7830","1201.8240","1184.7600"
"2018/11/23","1179.2400","0.0000","1168.8630","1189.8390","1168.8630"
"2018/11/21","1179.7330","0.0000","1191.5970","1196.5070","1179.4500"
"2018/11/20","1174.8220","0.0000","1143.9460","1190.3890","1143.9360"
"2018/11/19","1173.0110","0.0000","1213.4300","1217.5390","1172.3610"
"2018/11/16","1220.1450","0.0000","1194.9460","1225.8250","1193.5630"
"2018/11/15","1234.6150","0.0000","1189.6380","1239.7050","1189.3220"
"2018/11/14","1194.7080","0.0000","1205.3020","1212.7680","1183.9210"
"2018/11/13","1190.3750","0.0000","1186.5280","1213.9170","1184.7150"
"2018/11/12","1174.4900","0.0000","1207.0770","1208.2400","1170.4550"
"2018/11/09","1229.0550","0.0000","1235.6540","1239.0530","1218.2090"
"2018/11/08","1252.2300","0.0000","1241.3190","1260.9150","1240.4890"
"2018/11/07","1257.4680","0.0000","1255.1430","1260.6890","1242.5490"
"2018/11/06","1242.6280","0.0000","1226.3540","1246.8130","1226.3070"
"2018/11/05","1228.5990","0.0000","1233.9590","1235.2780","1208.3710"
"2018/11/02","1239.1600","0.0000","1257.0950","1260.7020","1224.7770"
"2018/11/01","1258.0750","0.0000","1210.5960","1261.5300","1210.3730"
"2018/10/31","1202.2970","0.0000","1205.5760","1211.7130","1191.8890"
"2018/10/30","1187.5660","0.0000","1141.7200","1188.7440","1140.3570"
"2018/10/29","1140.1530","0.0000","1175.9260","1181.2880","1119.3660"
"2018/10/26","1152.9990","0.0000","1145.0890","1172.6390","1134.1780"
"2018/10/25","1173.2070","0.0000","1151.2400","1182.1060","1151.2220"
"2018/10/24","1146.4090","0.0000","1204.7430","1207.3250","1144.7330"
"2018/10/23","1227.6070","0.0000","1197.9680","1234.3680","1189.1250"
"2018/10/22","1234.1950","0.0000","1236.3710","1241.4930","1223.3890"
"2018/10/19","1225.9410","0.0000","1253.8860","1260.2210","1221.7450"
"2018/10/18","1245.2960","0.0000","1271.6570","1271.6570","1241.0230"
"2018/10/17","1277.3130","0.0000","1292.4990","1295.0520","1268.7980"
"2018/10/16","1282.9470","0.0000","1255.5940","1284.2690","1255.0010"
"2018/10/15","1241.8220","0.0000","1245.8780","1255.9750","1237.4870"
"2018/10/12","1253.5770","0.0000","1264.3830","1269.5200","1234.3560"
"2018/10/11","1229.3640","0.0000","1244.8400","1266.5370","1220.4870"
"2018/10/10","1242.1020","0.0000","1278.7990","1282.7590","1241.4540"
"2018/10/09","1300.1500","0.0000","1299.0810","1305.8780","1291.7610"
"2018/10/08","1301.0010","0.0000","1306.3100","1317.0920","1289.9230"
"2018/10/05","1315.8410","0.0000","1346.6320","1348.9210","1303.8930"
"2018/10/04","1347.1590","0.0000","1362.8190","1363.7430","1336.0680"
"2018/10/03","1372.4030","0.0000","1378.7730","1381.1750","1359.7150"
"2018/10/02","1370.8730","0.0000","1368.1450","1389.4640","1368.0960"
"2018/10/01","1370.4420","0.0000","1370.9290","1382.0510","1367.3070"
"2018/09/28","1366.7420","0.0000","1355.3670","1370.5790","1351.9050"
"2018/09/27","1357.8700","0.0000","1356.6310","1362.5480","1352.8390"
"2018/09/26","1351.8520","0.0000","1360.0430","1367.8160","1350.5570"
"2018/09/25","1364.8230","0.0000","1383.7480","1383.8350","1362.8130"
"2018/09/24","1388.4630","0.0000","1375.2960","1389.0590","1369.7440"
"2018/09/21","1383.0870","0.0000","1386.3800","1394.0990","1380.2560"
"2018/09/20","1387.6730","0.0000","1381.0470","1392.8030","1381.0070"
"2018/09/19","1371.6840","0.0000","1371.5100","1377.2420","1365.3300"
"2018/09/18","1368.8670","0.0000","1363.6570","1377.0400","1363.5220"
"2018/09/17","1357.4770","0.0000","1370.1650","1375.7300","1356.0970"
"2018/09/14","1377.3050","0.0000","1369.6020","1382.3460","1365.8980"
"2018/09/13","1362.2010","0.0000","1364.6810","1378.8020","1356.4880"
"2018/09/12","1346.0210","0.0000","1341.5480","1346.5110","1316.7600"
"2018/09/11","1361.8880","0.0000","1366.1120","1371.6070","1354.7320"
"2018/09/10","1375.7410","0.0000","1371.2410","1376.0000","1362.5550"
"2018/09/07","1360.7680","0.0000","1361.5590","1380.8900","1357.8070"
"2018/09/06","1366.3470","0.0000","1398.1110","1399.5900","1365.3160"
"2018/09/05","1403.8230","0.0000","1411.4950","1413.5460","1392.2090"
"2018/09/04","1410.9300","0.0000","1395.7480","1411.6510","1391.2020"
"2018/08/31","1401.2030","0.0000","1392.1220","1402.8390","1392.0430"
"2018/08/30","1393.1660","0.0000","1402.7210","1407.6540","1391.3700"
"2018/08/29","1406.3780","0.0000","1399.3070","1410.1290","1397.3560"
"2018/08/28","1402.9470","0.0000","1403.6270","1408.2690","1389.3170"
"2018/08/27","1397.4560","0.0000","1386.6350","1407.7190","1383.6410"
"2018/08/24","1375.8820","0.0000","1364.5190","1376.2430","1361.4800"
"2018/08/23","1356.1350","0.0000","1354.8620","1365.7990","1353.1420"
"2018/08/22","1354.5250","0.0000","1340.4610","1355.7470","1336.8860"
"2018/08/21","1348.2830","0.0000","1326.8180","1351.3900","1326.0630"
"2018/08/20","1322.0980","0.0000","1325.3180","1330.0100","1307.4620"
"2018/08/17","1323.4150","0.0000","1317.1500","1327.0160","1304.2220"
"2018/08/16","1333.0920","0.0000","1343.8680","1344.4200","1329.8150"
"2018/08/15","1334.8590","0.0000","1341.6810","1347.8460","1321.6840"
"2018/08/14","1354.1860","0.0000","1364.0500","1366.6300","1352.9280"
"2018/08/13","1356.7540","0.0000","1357.5260","1368.7650","1355.4960"
"2018/08/10","1354.8000","0.0000","1360.3390","1366.4840","1348.6150"
"2018/08/09","1389.0590","0.0000","1397.5480","1397.9240","1388.9470"
"2018/08/08","1403.7670","0.0000","1399.4060","1406.0410","1395.0050"
"2018/08/07","1400.0020","0.0000","1392.4260","1400.8780","1390.1270"
"2018/08/06","1389.2240","0.0000","1376.1810","1389.3160","1371.0890"
"2018/08/03","1381.6360","0.0000","1379.6320","1382.8560","1372.8860"
"2018/08/02","1378.8310","0.0000","1348.7310","1380.6850","1348.1310"
"2018/08/01","1365.1130","0.0000","1367.8090","1379.5230","1359.6270"
"2018/07/31","1367.4750","0.0000","1370.0340","1386.0740","1364.8290"
"2018/07/30","1358.5600","0.0000","1374.2910","1375.0200","1351.8970"
"2018/07/27","1372.2360","0.0000","1384.3910","1391.5710","1362.6040"
"2018/07/26","1378.4180","0.0000","1368.2690","1379.3240","1363.6750"
"2018/07/25","1353.1500","0.0000","1345.0500","1353.2980","1328.5960"
"2018/07/24","1346.5780","0.0000","1368.3890","1377.0190","1345.0530"
"2018/07/23","1361.3780","0.0000","1352.1000","1363.6610","1335.1020"
"2018/07/20","1359.1850","0.0000","1364.9340","1366.9690","1352.4290"
"2018/07/19","1365.8170","0.0000","1365.9500","1371.6390","1357.3870"
"2018/07/18","1369.4620","0.0000","1367.6760","1371.5620","1360.1110"
"2018/07/17","1358.9890","0.0000","1329.0840","1359.2820","1328.8440"
"2018/07/16","1339.2410","0.0000","1340.9990","1348.3510","1338.3950"
"2018/07/13","1340.8340","0.0000","1348.3980","1349.2120","1339.1880"
"2018/07/12","1346.2050","0.0000","1331.2590","1347.5690","1324.9700"
"2018/07/11","1336.7100","0.0000","1351.4740","1358.0690","1336.0590"
"2018/07/10","1372.2540","0.0000","1360.3230","1375.3280","1359.7960"
"2018/07/09","1358.0300","0.0000","1359.8290","1360.5710","1342.0990"
"2018/07/06","1349.1890","0.0000","1330.9650","1351.3070","1325.8520"
"2018/07/05","1332.9600","0.0000","1312.1990","1333.1450","1311.9200"
"2018/07/03","1297.7090","0.0000","1326.5760","1327.3080","1296.5010"
"2018/07/02","1321.8140","0.0000","1297.8900","1322.3540","1293.7840"
"2018/06/29","1313.7040","0.0000","1321.8900","1329.6230","1313.7040"
"2018/06/28","1311.6420","0.0000","1298.5200","1313.9520","1295.7220"
"2018/06/27","1300.5060","0.0000","1338.1990","1343.4700","1300.1070"
"2018/06/26","1333.4010","0.0000","1334.2090","1339.9140","1326.4990"
"2018/06/25","1328.0400","0.0000","1347.5150","1348.2860","1311.2800"
"2018/06/22","1371.0010","0.0000","1388.7170","1389.1350","1367.7900"
"2018/06/21","1381.0080","0.0000","1408.3450","1408.8500","1379.3740"
"2018/06/20","1398.5990","0.0000","1400.5640","1405.3710","1392.5070"
"2018/06/19","1391.5810","0.0000","1381.5330","1392.4310","1370.8650"
"2018/06/18","1407.9060","0.0000","1407.3540","1409.9270","1395.1730"
"2018/06/15","1422.0370","0.0000","1414.8660","1423.3570","1409.3100"
"2018/06/14","1423.1230","0.0000","1420.6360","1429.9860","1414.8600"
"2018/06/13","1414.4810","0.0000","1416.7100","1429.5360","1413.3320"
"2018/06/12","1416.3680","0.0000","1412.4230","1417.4650","1404.1810"
"2018/06/11","1408.9900","0.0000","1409.8980","1416.4790","1404.7370"
"2018/06/08","1412.2870","0.0000","1407.2940","1414.9250","1400.6090"
"2018/06/07","1424.3360","0.0000","1438.6580","1440.5540","1414.5520"
"2018/06/06","1437.9410","0.0000","1430.1320","1438.1320","1423.0840"
"2018/06/05","1428.5080","0.0000","1427.5840","1432.2590","1420.0940"
"2018/06/04","1422.6730","0.0000","1412.9920","1423.8830","1409.4270"
"2018/06/01","1411.3060","0.0000","1391.5350","1411.4300","1387.6690"
"2018/05/31","1378.9960","0.0000","1383.7620","1393.6140","1377.3230"
"2018/05/30","1389.9130","0.0000","1388.3860","1399.7830","1383.0330"
"2018/05/29","1380.9170","0.0000","1383.1330","1392.7160","1371.3760"
"2018/05/25","1390.8360","0.0000","1379.0010","1392.0830","1377.5120"
"2018/05/24","1378.7170","0.0000","1373.6330","1382.0280","1362.1120"
"2018/05/23","1373.9500","0.0000","1352.7640","1374.1160","1350.3780"
"2018/05/22","1366.9730","0.0000","1369.6890","1376.8530","1362.4540"
"2018/05/21","1359.3380","0.0000","1365.4180","1372.6460","1347.0990"
"2018/05/18","1345.1960","0.0000","1349.5950","1354.2350","1341.0410"
"2018/05/17","1364.8670","0.0000","1365.8190","1376.2440","1355.2700"
"2018/05/16","1370.0960","0.0000","1355.6750","1372.0290","1355.6530"
"2018/05/15","1351.0960","0.0000","1359.1300","1361.3990","1342.2600"
"2018/05/14","1367.5050","0.0000","1367.8280","1382.6860","1364.3520"
"2018/05/11","1350.4640","0.0000","1353.7570","1363.0380","1348.1590"
"2018/05/10","1360.7250","0.0000","1346.1520","1361.0990","1344.5320"
"2018/05/09","1336.6850","0.0000","1320.5440","1336.9850","1317.7430"
"2018/05/08","1318.0230","0.0000","1308.3600","1318.2590","1302.3210"
"2018/05/07","1308.4760","0.0000","1303.3010","1314.5010","1301.8670"
"2018/05/04","1296.7290","0.0000","1257.0600","1297.8110","1253.5820"
"2018/05/03","1267.4440","0.0000","1248.9520","1272.5500","1240.2980"
"2018/05/02","1259.4230","0.0000","1266.8020","1270.4100","1254.6060"
"2018/05/01","1265.9420","0.0000","1242.6750","1266.8710","1240.8880"
"2018/04/30","1244.3960","0.0000","1260.0180","1265.7440","1239.7760"
"2018/04/27","1258.1050","0.0000","1284.3590","1285.0100","1252.2760"
"2018/04/26","1268.2100","0.0000","1263.8680","1268.9630","1254.4630"
"2018/04/25","1242.1940","0.0000","1249.9890","1253.6880","1223.0910"
"2018/04/24","1243.6650","0.0000","1266.7240","1276.3140","1232.8990"
"2018/04/23","1253.9770","0.0000","1275.9340","1278.4530","1251.2170"
"2018/04/20","1270.8280","0.0000","1285.2580","1291.8300","1265.4240"
"2018/04/19","1285.8810","0.0000","1313.8310","1319.2400","1281.4000"
"2018/04/18","1343.7830","0.0000","1346.2480","1351.5760","1331.9550"
"2018/04/17","1357.7200","0.0000","1342.6090","1360.6160","1340.6570"
"2018/04/16","1332.5160","0.0000","1336.6160","1339.6280","1321.1580"
"2018/04/13","1329.3960","0.0000","1355.0000","1355.0000","1325.0680"
"2018/04/12","1339.6620","0.0000","1325.8570","1343.1960","1324.0890"
"2018/04/11","1315.0590","0.0000","1306.2860","1326.2260","1304.4060"
"2018/04/10","1314.5420","0.0000","1305.9120","1321.9900","1295.3180"
"2018/04/09","1273.7970","0.0000","1276.4640","1310.3320","1272.9070"
"2018/04/06","1265.2530","0.0000","1285.1870","1301.6840","1260.4690"
"2018/04/05","1305.2390","0.0000","1325.6310","1329.3380","1296.5620"
"2018/04/04","1319.0140","0.0000","1266.0590","1321.9610","1266.0590"
"2018/04/03","1302.0910","0.0000","1292.7470","1305.1360","1279.4450"
"2018/04/02","1277.0130","0.0000","1316.7630","1326.0930","1265.2480"
"2018/03/29","1328.9020","0.0000","1312.3070","1340.6560","1300.0800"
"2018/03/28","1299.8220","0.0000","1319.7930","1331.7990","1294.3050"
"2018/03/27","1327.9410","0.0000","1390.1110","1391.0070","1317.9640"
"2018/03/26","1380.1030","0.0000","1354.3010","1380.1400","1338.7510"
"2018/03/23","1323.9240","0.0000","1365.8180","1370.2860","1323.9190"
"2018/03/22","1368.9800","0.0000","1386.0720","1399.6320","1368.5000"
"2018/03/21","1407.9780","0.0000","1403.4230","1425.0690","1401.4700"
"2018/03/20","1405.5040","0.0000","1397.6250","1409.7030","1396.0530"
"2018/03/19","1394.8150","0.0000","1409.4270","1414.5000","1375.3810"
"2018/03/16","1422.5430","0.0000","1427.1960","1430.5660","1419.9260"
"2018/03/15","1422.0720","0.0000","1428.5070","1431.9570","1415.5670"
"2018/03/14","1423.4950","0.0000","1429.9080","1430.2670","1410.5960"
"2018/03/13","1423.4580","0.0000","1454.7450","1464.6150","1417.4640"
"2018/03/12","1445.9010","0.0000","1441.4120","1453.5010","1437.0780"
"2018/03/09","1431.1610","0.0000","1411.3570","1431.3860","1410.6710"
"2018/03/08","1402.0510","0.0000","1408.1540","1409.2450","1393.8580"
"2018/03/07","1400.4650","0.0000","1382.8200","1402.3400","1382.8200"
"2018/03/06","1396.4700","0.0000","1386.2900","1399.9900","1381.5080"
"2018/03/05","1375.8560","0.0000","1354.3270","1382.4570","1349.9130"
"2018/03/02","1363.7810","0.0000","1324.5510","1365.6560","1322.5970"
"2018/03/01","1340.1440","0.0000","1362.4460","1367.4430","1324.9680"
"2018/02/28","1362.0240","0.0000","1383.9140","1385.9320","1361.1310"
"2018/02/27","1374.7180","0.0000","1379.0120","1397.9900","1374.7170"
"2018/02/26","1380.2710","0.0000","1360.0950","1380.2710","1359.1940"
"2018/02/23","1351.0920","0.0000","1336.7240","1351.1300","1332.3440"
"2018/02/22","1322.0880","0.0000","1330.2150","1336.3370","1318.5140"
"2018/02/21","1325.3490","0.0000","1345.9690","1349.4150","1324.7860"
"2018/02/20","1341.5290","0.0000","1314.0080","1353.3600","1313.9730"
"2018/02/16","1318.3210","0.0000","1318.1560","1334.3140","1317.7310"
"2018/02/15","1322.9470","0.0000","1316.4350","1322.9930","1291.7770"
"2018/02/14","1307.0480","0.0000","1270.7040","1309.0490","1269.9150"
"2018/02/13","1278.5060","0.0000","1270.7710","1279.8810","1266.6140"
"2018/02/12","1279.1430","0.0000","1268.2900","1287.1550","1259.6430"
"2018/02/09","1255.8120","0.0000","1246.8640","1263.4080","1203.6630"
"2018/02/08","1218.6590","0.0000","1277.8420","1280.1720","1218.6590"
"2018/02/07","1272.4970","0.0000","1287.8870","1303.8340","1272.4970"
"2018/02/06","1301.6620","0.0000","1241.5740","1302.3860","1238.6380"
"2018/02/05","1255.8110","0.0000","1303.0550","1328.0720","1253.0850"
"2018/02/02","1317.9830","0.0000","1341.2740","1344.4690","1317.7860"
"2018/02/01","1355.0740","0.0000","1352.5300","1374.8730","1349.8970"
"2018/01/31","1361.5000","0.0000","1367.6440","1370.8970","1354.1300"
"2018/01/30","1350.4450","0.0000","1354.8200","1366.2780","1348.9380"
"2018/01/29","1378.4150","0.0000","1372.7180","1388.2860","1362.2160"
"2018/01/26","1381.2730","0.0000","1357.3900","1381.2850","1355.4100"
"2018/01/25","1337.6180","0.0000","1376.2410","1379.2700","1337.6180"
"2018/01/24","1360.6780","0.0000","1373.7850","1383.7170","1351.7260"
"2018/01/23","1392.8610","0.0000","1386.5900","1393.4050","1383.1770"
"2018/01/22","1382.4090","0.0000","1372.5750","1382.4090","1367.6360"
"2018/01/19","1372.0320","0.0000","1375.9440","1378.1550","1363.8820"
"2018/01/18","1370.5610","0.0000","1363.4680","1377.1710","1362.5020"
"2018/01/17","1364.2920","0.0000","1338.0720","1366.1050","1336.9720"
"2018/01/16","1325.9680","0.0000","1334.5330","1340.9560","1318.5380"
"2018/01/12","1322.1050","0.0000","1315.0310","1324.2400","1310.7750"
"2018/01/11","1314.3450","0.0000","1309.3490","1314.8370","1305.2040"
"2018/01/10","1306.2230","0.0000","1306.8330","1312.0090","1296.0960"
"2018/01/09","1322.5740","0.0000","1335.0680","1337.1140","1320.8210"
"2018/01/08","1335.5380","0.0000","1323.4500","1339.3740","1321.9700"
"2018/01/05","1325.7080","0.0000","1321.1670","1330.3100","1316.1310"
"2018/01/04","1317.2370","0.0000","1315.2650","1321.1110","1306.3710"
"2018/01/03","1309.8610","0.0000","1291.6620","1310.3700","1291.2930"
"2018/01/02","1287.6970","0.0000","1261.0280","1287.7390","1258.7660"
"2017/12/29","1253.0480","0.0000","1267.4460","1268.6240","1253.0430"
"2017/12/28","1266.2980","0.0000","1268.7380","1269.2430","1264.1460"
"2017/12/27","1263.3640","0.0000","1259.8450","1269.2160","1258.6280"
"2017/12/26","1258.8820","0.0000","1256.0910","1259.7050","1248.4600"
"2017/12/22","1271.1670","0.0000","1268.9500","1272.1070","1263.0810"
"2017/12/21","1271.8110","0.0000","1286.4240","1287.2060","1270.5300"
"2017/12/20","1285.4370","0.0000","1289.3650","1291.3260","1274.6890"
"2017/12/19","1276.5190","0.0000","1277.0430","1281.0600","1269.8170"
"2017/12/18","1277.9110","0.0000","1262.8390","1278.3120","1259.7800"
"2017/12/15","1250.8870","0.0000","1234.5880","1254.6060","1231.9890"
"2017/12/14","1232.4260","0.0000","1235.4250","1240.3740","1229.3040"
"2017/12/13","1233.0420","0.0000","1238.5900","1244.5560","1232.6700"
"2017/12/12","1233.1840","0.0000","1240.6940","1241.6160","1232.2000"
"2017/12/11","1245.5770","0.0000","1238.5700","1248.8100","1236.7110"
"2017/12/08","1238.2450","0.0000","1255.4200","1259.6280","1237.2450"
"2017/12/07","1244.5170","0.0000","1243.7510","1248.4430","1236.6310"
"2017/12/06","1232.2640","0.0000","1217.2770","1234.2970","1211.4920"
"2017/12/05","1228.5140","0.0000","1221.2410","1251.3550","1213.5330"
"2017/12/04","1227.8530","0.0000","1268.1770","1268.6580","1220.6950"
"2017/12/01","1258.6530","0.0000","1262.6810","1265.4930","1227.3230"
"2017/11/30","1272.5520","0.0000","1274.9500","1284.8430","1263.5730"
"2017/11/29","1265.0140","0.0000","1319.9220","1320.8670","1252.3780"
"2017/11/28","1323.0830","0.0000","1326.2800","1326.4610","1316.1360"
"2017/11/27","1324.1550","0.0000","1329.5790","1331.4630","1322.2220"
"2017/11/24","1341.6920","0.0000","1333.5630","1342.0530","1333.0270"
"2017/11/22","1329.0980","0.0000","1339.6870","1340.4690","1327.0390"
"2017/11/21","1337.9170","0.0000","1329.0750","1338.9170","1327.7700"
"2017/11/20","1322.8110","0.0000","1312.8420","1324.7670","1311.3500"
"2017/11/17","1306.9290","0.0000","1319.9720","1320.1590","1304.8310"
"2017/11/16","1313.1130","0.0000","1301.3850","1318.1120","1301.3630"
"2017/11/15","1293.2010","0.0000","1296.0230","1298.9480","1283.7110"
"2017/11/14","1305.0010","0.0000","1301.8330","1308.5420","1295.4120"
"2017/11/13","1306.5820","0.0000","1297.4970","1308.1290","1296.4190"
"2017/11/10","1303.0640","0.0000","1298.3520","1303.9770","1295.3660"
"2017/11/09","1294.6640","0.0000","1306.0970","1306.4520","1278.6900"
"2017/11/08","1321.1290","0.0000","1314.3320","1321.8960","1310.3600"
"2017/11/07","1316.5460","0.0000","1314.6850","1319.2220","1308.0120"
"2017/11/06","1317.3410","0.0000","1314.1330","1318.3150","1302.2430"
"2017/11/03","1299.9700","0.0000","1282.4100","1300.0220","1273.1520"
"2017/11/02","1277.3400","0.0000","1270.4260","1280.6010","1263.7620"
"2017/11/01","1271.5060","0.0000","1284.1280","1284.6850","1260.0670"
"2017/10/31","1275.6050","0.0000","1265.1780","1279.3230","1265.1770"
"2017/10/30","1265.9110","0.0000","1261.5080","1270.8360","1258.9120"
"2017/10/27","1263.5540","0.0000","1248.3620","1264.6560","1239.9810"
"2017/10/26","1237.0310","0.0000","1233.9780","1239.5700","1230.5520"
"2017/10/25","1229.2660","0.0000","1236.6450","1242.2100","1216.9950"
"2017/10/24","1245.3780","0.0000","1239.6750","1247.1930","1236.0540"
"2017/10/23","1237.1400","0.0000","1237.3320","1243.9330","1231.6430"
"2017/10/20","1231.3410","0.0000","1235.4390","1237.6260","1229.4820"
"2017/10/19","1225.0540","0.0000","1216.4470","1225.1250","1206.3420"
"2017/10/18","1228.1610","0.0000","1226.7810","1230.0720","1212.1730"
"2017/10/17","1224.1190","0.0000","1223.1730","1225.0090","1218.3760"
"2017/10/16","1224.9880","0.0000","1224.5130","1225.1010","1216.7250"
"2017/10/13","1219.2150","0.0000","1218.8360","1223.3050","1213.8500"
"2017/10/12","1211.0970","0.0000","1214.1280","1219.3450","1210.4030"
"2017/10/11","1215.1890","0.0000","1204.8980","1215.5670","1204.0280"
"2017/10/10","1207.1980","0.0000","1209.4990","1210.1830","1194.8450"
"2017/10/09","1199.8590","0.0000","1194.9450","1201.0940","1194.1790"
"2017/10/06","1191.4490","0.0000","1182.0100","1191.4730","1181.9070"
"2017/10/05","1186.0700","0.0000","1188.5730","1189.5650","1179.5300"
"2017/10/04","1185.2400","0.0000","1179.6630","1185.3330","1174.6020"
"2017/10/03","1182.4280","0.0000","1180.2860","1185.5300","1177.1630"
"2017/10/02","1178.7540","0.0000","1176.6150","1184.0730","1170.7380"
"2017/09/29","1171.7380","0.0000","1165.4920","1172.8920","1160.3880"
"2017/09/28","1161.6950","0.0000","1150.2160","1162.0820","1149.0820"
"2017/09/27","1153.0020","0.0000","1141.0900","1157.5410","1137.8970"
"2017/09/26","1126.4040","0.0000","1136.1250","1138.2600","1122.3720"
"2017/09/25","1126.9370","0.0000","1144.4660","1144.7270","1122.1640"
"2017/09/22","1149.5860","0.0000","1139.4380","1151.0780","1139.2460"
"2017/09/21","1143.8680","0.0000","1146.4830","1147.7350","1134.1320"
"2017/09/20","1148.6040","0.0000","1165.0080","1165.4750","1133.2790"
"2017/09/19","1164.9800","0.0000","1163.4420","1169.0080","1157.3250"
"2017/09/18","1160.8960","0.0000","1153.7750","1168.0290","1153.7430"
"2017/09/15","1146.6850","0.0000","1130.3570","1147.6370","1130.2820"
"2017/09/14","1127.4210","0.0000","1118.3030","1133.2980","1117.0090"
"2017/09/13","1122.0420","0.0000","1117.2080","1124.6750","1113.8060"
"2017/09/12","1120.1980","0.0000","1118.3560","1123.1140","1113.5710"
"2017/09/11","1115.4600","0.0000","1103.9480","1117.5000","1103.3340"
"2017/09/08","1093.4890","0.0000","1106.3510","1107.1060","1090.1890"
"2017/09/07","1107.3380","0.0000","1108.6870","1111.4720","1102.5990"
"2017/09/06","1105.7630","0.0000","1108.5960","1110.5640","1099.8750"
"2017/09/05","1103.6300","0.0000","1112.7930","1116.7350","1094.1710"
"2017/09/01","1119.3390","0.0000","1117.7300","1124.6620","1117.4210"
"2017/08/31","1114.3120","0.0000","1106.3510","1115.5100","1105.2230"
"2017/08/30","1103.6930","0.0000","1088.3530","1104.8130","1086.8580"
"2017/08/29","1084.8630","0.0000","1070.5580","1087.3220","1070.0820"
"2017/08/28","1082.6210","0.0000","1083.6750","1083.9390","1077.2850"
"2017/08/25","1080.4980","0.0000","1090.6960","1091.8420","1078.8060"
"2017/08/24","1085.9320","0.0000","1090.5110","1091.4940","1079.5110"
"2017/08/23","1086.4050","0.0000","1072.8420","1088.7650","1072.6180"
"2017/08/22","1081.6420","0.0000","1071.9770","1083.5680","1071.7560"
"2017/08/21","1064.5200","0.0000","1073.5860","1073.6310","1057.1710"
"2017/08/18","1071.8940","0.0000","1076.9860","1079.9990","1066.7590"
"2017/08/17","1069.7010","0.0000","1091.5480","1095.8450","1069.6770"
"2017/08/16","1098.0720","0.0000","1099.8490","1102.6180","1093.1270"
"2017/08/15","1096.4280","0.0000","1095.0270","1098.3350","1088.6620"
"2017/08/14","1093.7440","0.0000","1078.9190","1094.8160","1078.8670"
"2017/08/11","1066.2220","0.0000","1053.0310","1068.1150","1052.7160"
"2017/08/10","1060.0210","0.0000","1082.0890","1084.2460","1059.6480"
"2017/08/09","1090.4870","0.0000","1083.6210","1091.8420","1080.9060"
"2017/08/08","1093.7710","0.0000","1098.2160","1107.2300","1090.6970"
"2017/08/07","1098.2540","0.0000","1082.8510","1098.5870","1082.5730"
"2017/08/04","1079.4460","0.0000","1080.2300","1087.7950","1076.4230"
"2017/08/03","1078.7980","0.0000","1082.8940","1085.6190","1073.7400"
"2017/08/02","1083.9570","0.0000","1099.4920","1099.9510","1076.3620"
"2017/08/01","1091.1320","0.0000","1087.7490","1091.4400","1083.0100"
"2017/07/31","1085.1500","0.0000","1096.9240","1099.3700","1081.9120"
"2017/07/28","1092.9920","0.0000","1093.1250","1097.5730","1088.0500"
"2017/07/27","1097.2650","0.0000","1118.8400","1120.5150","1084.2910"
"2017/07/26","1115.3530","0.0000","1111.9440","1119.6880","1108.5130"
"2017/07/25","1102.5900","0.0000","1099.9790","1105.4100","1092.1620"
"2017/07/24","1103.0130","0.0000","1108.1270","1108.1720","1101.5050"
"2017/07/21","1107.5410","0.0000","1108.0080","1108.0810","1101.4960"
"2017/07/20","1116.6160","0.0000","1113.5890","1117.8880","1104.5750"
"2017/07/19","1113.1810","0.0000","1108.5830","1113.5090","1105.8260"
"2017/07/18","1103.3510","0.0000","1092.9700","1103.4750","1089.8580"
"2017/07/17","1099.5510","0.0000","1106.8530","1107.1310","1096.0860"
"2017/07/14","1104.3150","0.0000","1094.6100","1104.8070","1093.8230"
"2017/07/13","1090.1300","0.0000","1093.8670","1101.2860","1086.4770"
"2017/07/12","1092.8590","0.0000","1085.8850","1095.2400","1082.5210"
"2017/07/11","1075.4170","0.0000","1066.8660","1076.0560","1063.5030"
"2017/07/10","1067.0970","0.0000","1058.9640","1069.2470","1052.3830"
"2017/07/07","1054.9020","0.0000","1043.4950","1058.6030","1043.4950"
"2017/07/06","1037.0520","0.0000","1032.2310","1045.8830","1027.1400"
"2017/07/05","1041.7840","0.0000","1027.8810","1043.1490","1026.9940"
"2017/07/03","1020.5070","0.0000","1040.9180","1044.5930","1020.4210"
"2017/06/30","1034.9070","0.0000","1044.9690","1048.6880","1030.5080"
"2017/06/29","1040.4170","0.0000","1060.0160","1061.2040","1026.0540"
"2017/06/28","1067.1750","0.0000","1057.2100","1068.2000","1044.8270"
"2017/06/27","1048.6560","0.0000","1072.6060","1072.6060","1048.5210"
"2017/06/26","1077.9200","0.0000","1095.6190","1099.4080","1072.5050"
"2017/06/23","1088.4840","0.0000","1084.8260","1094.3650","1081.8850"
"2017/06/22","1084.9550","0.0000","1089.0800","1089.9540","1080.0140"
"2017/06/21","1087.4220","0.0000","1080.5150","1088.1560","1075.6030"
"2017/06/20","1074.8850","0.0000","1089.4170","1094.1840","1074.6170"
"2017/06/19","1087.9190","0.0000","1079.9390","1088.7790","1079.9320"
"2017/06/16","1067.2320","0.0000","1072.3560","1079.4960","1063.5640"
"2017/06/15","1070.7590","0.0000","1061.5740","1074.4390","1060.6550"
"2017/06/14","1079.8220","0.0000","1094.5480","1094.9900","1068.2680"
"2017/06/13","1091.3450","0.0000","1095.8460","1101.9660","1078.3530"
"2017/06/12","1084.4370","0.0000","1074.9400","1087.8560","1053.3340"
"2017/06/09","1090.0500","0.0000","1145.1820","1149.8620","1068.5610"
"2017/06/08","1138.2480","0.0000","1126.1520","1138.8950","1117.7860"
"2017/06/07","1118.2970","0.0000","1115.5970","1122.3820","1112.3170"
"2017/06/06","1110.0810","0.0000","1102.5860","1117.4760","1101.0000"
"2017/06/05","1106.2180","0.0000","1102.4800","1112.0700","1102.4790"
"2017/06/02","1103.3980","0.0000","1100.1380","1104.8980","1091.4110"
"2017/06/01","1092.5520","0.0000","1094.1660","1094.4010","1086.1390"
"2017/05/31","1091.4220","0.0000","1101.1150","1101.7620","1086.2570"
"2017/05/30","1091.4500","0.0000","1085.3150","1094.1630","1084.2790"
"2017/05/26","1084.8450","0.0000","1077.9740","1084.9440","1072.3350"
"2017/05/25","1080.7500","0.0000","1079.9850","1084.0230","1073.6470"
"2017/05/24","1074.8510","0.0000","1075.1330","1076.7510","1069.9120"
"2017/05/23","1067.9410","0.0000","1071.5530","1071.5850","1059.5770"
"2017/05/22","1072.3040","0.0000","1066.3970","1072.7710","1065.1320"
"2017/05/19","1060.7670","0.0000","1057.5270","1064.2960","1057.4840"
"2017/05/18","1049.2850","0.0000","1030.3100","1052.2010","1027.3750"
"2017/05/17","1029.8270","0.0000","1061.1660","1066.2850","1029.3420"
"2017/05/16","1076.8540","0.0000","1066.4040","1077.0460","1061.4470"
"2017/05/15","1061.0540","0.0000","1048.4590","1062.1290","1046.8330"
"2017/05/12","1045.2430","0.0000","1043.5500","1046.3960","1039.2220"
"2017/05/11","1042.4340","0.0000","1036.2170","1047.2400","1029.2500"
"2017/05/10","1038.9210","0.0000","1032.3170","1040.5660","1029.9430"
"2017/05/09","1017.4990","0.0000","1009.6350","1019.8550","1009.5760"
"2017/05/08","1007.1570","0.0000","1011.4960","1012.2830","1005.0390"
"2017/05/05","1011.0330","0.0000","1008.9710","1011.0520","1001.6820"
"2017/05/04","1006.8260","0.0000","1008.9610","1010.6860","1002.9460"
"2017/05/03","1008.0470","0.0000","1001.1950","1009.2310","998.8720"
"2017/05/02","1004.6170","0.0000","1010.9440","1010.9440","999.5310"
"2017/05/01","1015.4270","0.0000","1007.7040","1015.7980","1003.0780"
"2017/04/28","1005.5270","0.0000","1017.5950","1019.1120","1002.8930"
"2017/04/27","1023.2920","0.0000","1016.0260","1024.6110","1015.3480"
"2017/04/26","1009.1560","0.0000","1015.4670","1017.8580","1005.8280"
"2017/04/25","1017.8110","0.0000","1012.6830","1019.4450","1010.0760"
"2017/04/24","1007.7990","0.0000","1008.5630","1010.7140","1003.8420"
"2017/04/21","992.9420","0.0000","992.4700","995.0110","985.2700"
"2017/04/20","997.5480","0.0000","988.1810","999.1790","984.4600"
"2017/04/19","982.0530","0.0000","986.7230","990.3980","980.3320"
"2017/04/18","976.6680","0.0000","967.4300","977.2170","966.3740"
"2017/04/17","972.5650","0.0000","964.7780","972.6900","964.6580"
"2017/04/13","960.0150","0.0000","962.5430","974.6230","960.0090"
"2017/04/12","966.5470","0.0000","981.2690","981.9690","964.5410"
"2017/04/11","983.3440","0.0000","983.9640","984.4190","968.7690"
"2017/04/10","991.6230","0.0000","998.8340","1000.2390","989.2150"
"2017/04/07","999.3480","0.0000","994.2230","1002.3290","992.8720"
"2017/04/06","994.6860","0.0000","990.0840","997.0680","984.9400"
"2017/04/05","993.5300","0.0000","1002.7470","1010.0210","992.7550"
"2017/04/04","1000.4790","0.0000","998.5680","1007.0520","997.2340"
"2017/04/03","1005.7980","0.0000","1012.7890","1014.7350","998.8880"
"2017/03/31","1011.4020","0.0000","1010.7650","1016.6070","1008.3160"
"2017/03/30","1011.8110","0.0000","1005.7660","1013.9950","1005.3850"
"2017/03/29","1006.4890","0.0000","1007.5030","1008.6440","1003.6560"
"2017/03/28","1008.9730","0.0000","1005.4370","1012.9360","1002.8770"
"2017/03/27","1005.9530","0.0000","994.0920","1008.4770","990.6580"
"2017/03/24","1004.3500","0.0000","1012.4080","1016.6830","1000.5260"
"2017/03/23","996.8470","0.0000","997.9120","1002.0910","994.4360"
"2017/03/22","999.3430","0.0000","987.8690","1000.2550","986.3040"
"2017/03/21","988.4230","0.0000","1015.9390","1017.1380","986.9880"
"2017/03/20","1012.2930","0.0000","1005.9800","1015.9010","1004.1940"
"2017/03/17","1004.6000","0.0000","1004.1870","1006.1210","1002.1350"
"2017/03/16","1002.8140","0.0000","1005.2850","1007.4540","1001.0510"
"2017/03/15","1004.6480","0.0000","996.3610","1006.2110","992.9390"
"2017/03/14","996.3260","0.0000","995.9810","996.6370","988.4160"
"2017/03/13","999.3900","0.0000","995.4000","999.6610","993.0620"
"2017/03/10","991.9350","0.0000","989.0120","994.2120","986.4880"
"2017/03/09","980.4800","0.0000","975.9970","982.4450","973.3350"
"2017/03/08","979.0010","0.0000","981.5270","986.6220","976.7520"
"2017/03/07","976.8540","0.0000","972.6760","982.8380","969.9540"
"2017/03/06","974.1810","0.0000","968.1480","976.0280","963.0270"
"2017/03/03","973.9660","0.0000","973.8760","975.2920","968.2730"
"2017/03/02","974.3250","0.0000","985.8700","988.0910","973.3270"
"2017/03/01","985.2630","0.0000","980.7940","985.9420","971.4930"
"2017/02/28","969.3840","0.0000","982.2990","982.4200","967.3730"
"2017/02/27","982.3980","0.0000","972.6580","982.5150","971.7710"
"2017/02/24","973.4420","0.0000","958.7840","973.5580","955.1060"
"2017/02/23","973.8670","0.0000","986.8770","987.0610","967.8100"
"2017/02/22","990.0670","0.0000","989.8970","991.2440","985.9930"
"2017/02/21","990.4350","0.0000","981.2120","990.5910","980.9700"
"2017/02/17","976.7960","0.0000","968.6950","976.7980","963.0090"
"2017/02/16","971.2360","0.0000","971.0210","972.7980","965.3410"
"2017/02/15","970.5370","0.0000","965.0560","971.2450","960.2320"
"2017/02/14","962.6290","0.0000","962.8970","964.1210","956.9960"
"2017/02/13","965.7010","0.0000","968.9110","971.6090","963.7050"
"2017/02/10","963.0510","0.0000","969.0950","969.9880","953.9070"
"2017/02/09","963.8060","0.0000","975.0290","975.0290","962.5440"
"2017/02/08","972.1400","0.0000","972.9050","976.4310","967.2700"
"2017/02/07","970.5910","0.0000","971.9970","974.0620","965.2160"
"2017/02/06","967.3920","0.0000","963.5040","967.7170","960.0840"
"2017/02/03","964.0200","0.0000","963.6460","965.3110","960.0480"
"2017/02/02","959.0830","0.0000","953.6400","962.3310","948.5260"
"2017/02/01","960.1090","0.0000","955.4980","960.1090","949.9080"
"2017/01/31","944.2780","0.0000","952.5860","952.6480","938.7630"
"2017/01/30","956.8400","0.0000","956.6170","957.3060","945.0000"
"2017/01/27","962.2580","0.0000","955.7870","962.3150","955.6700"
"2017/01/26","950.3200","0.0000","955.1470","955.9890","946.6150"
"2017/01/25","956.0570","0.0000","953.6370","957.5560","947.2740"
"2017/01/24","942.4120","0.0000","929.2870","943.4190","928.5140"
"2017/01/23","923.7690","0.0000","924.1320","928.1950","916.8590"
"2017/01/20","930.0130","0.0000","927.5550","935.5810","927.4530"
"2017/01/19","918.0340","0.0000","921.2980","928.1720","917.1690"
"2017/01/18","922.3590","0.0000","911.1060","922.8670","909.9270"
"2017/01/17","909.4840","0.0000","919.9050","920.6060","906.5630"
"2017/01/13","924.6740","0.0000","919.2020","926.7570","918.9140"
"2017/01/12","918.1640","0.0000","918.7850","918.7990","904.6560"
"2017/01/11","926.5390","0.0000","922.3910","926.6280","919.6370"
"2017/01/10","923.0600","0.0000","919.9660","924.9760","918.1320"
"2017/01/09","918.5810","0.0000","911.9240","922.2380","911.9240"
"2017/01/06","908.6540","0.0000","903.2570","911.3210","898.5490"
"2017/01/05","901.6860","0.0000","909.9100","914.7550","900.2090"
"2017/01/04","909.7670","0.0000","910.5260","913.6780","905.2260"
"2017/01/03","907.3360","0.0000","910.7980","919.8710","899.3330"
"2016/12/30","906.4710","0.0000","924.3290","925.3070","904.2270"
"2016/12/29","921.2020","0.0000","913.7490","921.2320","911.4600"
"2016/12/28","921.0880","0.0000","943.1960","944.2330","920.6740"
"2016/12/27","939.2070","0.0000","931.1050","940.7350","931.1050"
"2016/12/23","927.9180","0.0000","920.8160","928.0410","920.4340"
"2016/12/22","923.0570","0.0000","927.7270","928.2850","919.4530"
"2016/12/21","918.3310","0.0000","919.5380","922.4540","916.8630"
"2016/12/20","917.9850","0.0000","915.5760","919.9790","914.3850"
"2016/12/19","909.6800","0.0000","904.5680","913.2890","902.3870"
"2016/12/16","900.8460","0.0000","912.4040","916.5720","896.6850"
"2016/12/15","909.9700","0.0000","897.6960","913.8220","896.6870"
"2016/12/14","894.2760","0.0000","895.5420","899.8920","891.6010"
"2016/12/13","895.5470","0.0000","890.0820","901.5940","888.7000"
"2016/12/12","885.4580","0.0000","886.2870","890.1410","878.2450"
"2016/12/09","892.5100","0.0000","903.6380","903.6380","886.3110"
"2016/12/08","895.6950","0.0000","890.7510","900.9700","889.4240"
"2016/12/07","888.4450","0.0000","869.8040","889.8440","866.6160"
"2016/12/06","869.9990","0.0000","861.4910","870.8080","861.2640"
"2016/12/05","858.1290","0.0000","854.8680","860.5640","849.4640"
"2016/12/02","847.6990","0.0000","834.2380","849.0220","832.9040"
"2016/12/01","836.7930","0.0000","878.9130","878.9550","832.1330"
"2016/11/30","879.4660","0.0000","887.1440","887.1940","879.4310"
"2016/11/29","885.2540","0.0000","885.8650","890.8630","881.5230"
"2016/11/28","887.2550","0.0000","888.8740","891.4560","886.2820"
"2016/11/25","890.9720","0.0000","888.9540","891.3860","886.9470"
"2016/11/23","889.3090","0.0000","887.5720","891.0010","883.3470"
"2016/11/22","888.2730","0.0000","885.1440","888.8410","884.2090"
"2016/11/21","879.0050","0.0000","876.2520","879.8600","872.5240"
"2016/11/18","872.6310","0.0000","868.2290","874.2160","865.4720"
"2016/11/17","866.8400","0.0000","858.7920","870.7500","855.5980"
"2016/11/16","857.5510","0.0000","847.0790","858.3140","846.2310"
"2016/11/15","847.9040","0.0000","836.2770","850.0350","834.4770"
"2016/11/14","832.0800","0.0000","837.6860","839.0030","829.9830"
"2016/11/11","837.2420","0.0000","819.1520","838.0180","819.0910"
"2016/11/10","806.0890","0.0000","827.4930","833.8010","798.1970"
"2016/11/09","823.5900","0.0000","805.6640","826.1830","805.4390"
"2016/11/08","827.6810","0.0000","825.8600","832.6790","820.9100"
"2016/11/07","825.8720","0.0000","816.6210","826.3070","814.2390"
"2016/11/04","802.8760","0.0000","800.9860","810.3150","797.7360"
"2016/11/03","808.0030","0.0000","811.7330","815.2730","805.3420"
"2016/11/02","810.5660","0.0000","818.4330","821.1550","808.1470"
"2016/11/01","816.0750","0.0000","826.4340","829.8960","807.0750"
"2016/10/31","823.5200","0.0000","823.7990","827.1570","821.9910"
"2016/10/28","818.8800","0.0000","827.7260","832.0930","818.2000"
"2016/10/27","823.7350","0.0000","834.4750","837.8040","822.8280"
"2016/10/26","827.2190","0.0000","822.9550","832.5800","821.9480"
"2016/10/25","828.6670","0.0000","828.4760","832.5580","827.2420"
"2016/10/24","829.7880","0.0000","819.6870","830.2290","819.6870"
"2016/10/21","814.5260","0.0000","812.6640","815.7840","806.7890"
"2016/10/20","816.7220","0.0000","810.1030","819.6970","804.6160"
"2016/10/19","810.9310","0.0000","807.5590","812.1120","803.4590"
"2016/10/18","814.7410","0.0000","815.8650","817.6850","812.5180"
"2016/10/17","804.9960","0.0000","808.9700","812.7930","804.5330"
"2016/10/14","809.3920","0.0000","809.0870","818.6250","808.7120"
"2016/10/13","803.0520","0.0000","804.2210","805.2420","790.1690"
"2016/10/12","812.6200","0.0000","813.6120","814.8650","805.1880"
"2016/10/11","815.3090","0.0000","830.8650","830.8650","808.3490"
"2016/10/10","832.9120","0.0000","840.3800","844.3030","832.6820"
"2016/10/07","837.0240","0.0000","839.2210","839.5800","829.8200"
"2016/10/06","838.5990","0.0000","832.1600","839.1270","827.8240"
"2016/10/05","833.7120","0.0000","829.9110","839.3860","828.7020"
"2016/10/04","827.3410","0.0000","831.4260","835.5240","824.2780"
"2016/10/03","829.4880","0.0000","836.7440","840.7980","828.0350"
"2016/09/30","835.6000","0.0000","828.3500","840.4860","828.3250"
"2016/09/29","822.6430","0.0000","811.0260","827.1760","803.6930"
"2016/09/28","812.4690","0.0000","813.2430","816.4460","806.9540"
"2016/09/27","810.8380","0.0000","796.3750","810.9840","794.6590"
"2016/09/26","796.6390","0.0000","798.6750","801.5740","793.8520"
"2016/09/23","804.5930","0.0000","811.8520","812.2230","803.8560"
"2016/09/22","813.5130","0.0000","816.3900","818.3760","810.7060"
"2016/09/21","810.6510","0.0000","803.9620","811.4530","800.0150"
"2016/09/20","799.1120","0.0000","808.0300","808.1280","797.4040"
"2016/09/19","803.0590","0.0000","806.4310","814.6020","800.1660"
"2016/09/16","801.5470","0.0000","806.0690","808.8280","795.8580"
"2016/09/15","801.7690","0.0000","783.7260","803.0240","783.6480"
"2016/09/14","783.7230","0.0000","776.8480","785.4940","773.9270"
"2016/09/13","776.7350","0.0000","779.8360","786.3090","772.8070"
"2016/09/12","783.9450","0.0000","760.2120","784.4960","760.0680"
"2016/09/09","768.3730","0.0000","788.6130","790.6750","767.0750"
"2016/09/08","797.5720","0.0000","796.3740","799.9200","793.1300"
"2016/09/07","799.1990","0.0000","805.7970","806.7770","797.8120"
"2016/09/06","805.0950","0.0000","808.7870","809.2840","800.9870"
"2016/09/02","806.9550","0.0000","811.0580","811.1950","803.3930"
"2016/09/01","808.3630","0.0000","802.0920","808.3630","797.7600"
"2016/08/31","801.4820","0.0000","802.4350","802.7090","797.3510"
"2016/08/30","802.0730","0.0000","805.5460","808.3240","799.2410"
"2016/08/29","803.6200","0.0000","803.1850","806.8110","802.7050"
"2016/08/26","801.4000","0.0000","799.5080","807.1080","795.6530"
"2016/08/25","797.4690","0.0000","796.1030","801.0210","794.6660"
"2016/08/24","794.3370","0.0000","801.1230","802.4790","791.9750"
"2016/08/23","801.3100","0.0000","802.0870","804.6930","800.7280"
"2016/08/22","797.2860","0.0000","794.8140","799.4580","793.8630"
"2016/08/19","797.0580","0.0000","792.0190","798.8530","790.8440"
"2016/08/18","790.1620","0.0000","785.4630","790.1620","784.6800"
"2016/08/17","784.6060","0.0000","784.4090","785.0110","780.4030"
"2016/08/16","784.6100","0.0000","787.8780","788.7510","783.9610"
"2016/08/15","790.4390","0.0000","782.8220","792.3100","782.5090"
"2016/08/12","779.8440","0.0000","777.7670","781.2870","776.5750"
"2016/08/11","776.2640","0.0000","774.8710","777.2670","772.0390"
"2016/08/10","772.8240","0.0000","779.6180","779.6180","769.9320"
"2016/08/09","778.7760","0.0000","776.4220","780.9860","776.1720"
"2016/08/08","772.4370","0.0000","775.2930","777.7240","771.0710"
"2016/08/05","773.7790","0.0000","767.3790","774.0490","767.3790"
"2016/08/04","763.5750","0.0000","758.0920","763.7480","757.2990"
"2016/08/03","756.5300","0.0000","751.3080","756.5350","751.1360"
"2016/08/02","755.7300","0.0000","765.6690","765.8070","751.4300"
"2016/08/01","768.0210","0.0000","768.1350","770.8290","765.3550"
"2016/07/29","766.7760","0.0000","772.0080","772.8540","763.8150"
"2016/07/28","770.5210","0.0000","770.7510","775.8200","767.1600"
"2016/07/27","774.9330","0.0000","781.1130","782.1400","770.8290"
"2016/07/26","774.9200","0.0000","754.9700","778.7240","754.9340"
"2016/07/25","746.4440","0.0000","744.4880","747.6590","743.8130"
"2016/07/22","742.3660","0.0000","735.4990","742.4670","731.5320"
"2016/07/21","738.2960","0.0000","744.4010","744.7230","735.3180"
"2016/07/20","743.7370","0.0000","735.5240","745.4620","733.9420"
"2016/07/19","731.7790","0.0000","732.2790","733.6070","729.8030"
"2016/07/18","734.5450","0.0000","732.6260","735.7410","731.8490"
"2016/07/15","723.6440","0.0000","723.1470","724.8220","721.0300"
"2016/07/14","724.2300","0.0000","724.6840","726.0940","719.4450"
"2016/07/13","718.9030","0.0000","720.7370","723.2670","717.6990"
"2016/07/12","718.3570","0.0000","715.9270","720.3050","714.7450"
"2016/07/11","708.9050","0.0000","706.3920","711.5370","706.3750"
"2016/07/08","701.0660","0.0000","688.0650","701.2240","687.8830"
"2016/07/07","681.8180","0.0000","676.2960","686.6350","676.2560"
"2016/07/06","673.5510","0.0000","667.8120","674.6690","661.3120"
"2016/07/05","672.5120","0.0000","678.6870","678.7580","668.5130"
"2016/07/01","685.0100","0.0000","684.5770","687.3740","683.7260"
"2016/06/30","691.6680","0.0000","681.5420","691.6680","678.5650"
"2016/06/29","679.3680","0.0000","674.2300","681.1940","671.1550"
"2016/06/28","665.7540","0.0000","658.2890","666.7990","656.9570"
"2016/06/27","648.3170","0.0000","664.8200","664.8790","644.4160"
"2016/06/24","675.3970","0.0000","685.2510","696.3340","674.3770"
"2016/06/23","716.6750","0.0000","707.5530","716.6750","706.1080"
"2016/06/22","698.2470","0.0000","699.8630","705.9940","697.6390"
"2016/06/21","699.3980","0.0000","699.1290","701.2620","696.5910"
"2016/06/20","697.0840","0.0000","700.4350","705.5350","696.4090"
"2016/06/17","689.0900","0.0000","693.1370","693.2740","684.3080"
"2016/06/16","694.7850","0.0000","688.9680","695.5040","683.1070"
"2016/06/15","694.8550","0.0000","698.2500","699.1940","694.0420"
"2016/06/14","695.4680","0.0000","693.4830","697.1480","688.9490"
"2016/06/13","695.4230","0.0000","695.9300","703.4890","694.2170"
"2016/06/10","699.0430","0.0000","703.4510","703.5970","696.7220"
"2016/06/09","710.9220","0.0000","703.9100","711.3690","702.8090"
"2016/06/08","710.1920","0.0000","710.9010","711.9870","708.0250"
"2016/06/07","710.5540","0.0000","707.2030","711.8940","706.7700"
"2016/06/06","703.7040","0.0000","706.6290","709.4470","702.5770"
"2016/06/03","705.6040","0.0000","709.2040","709.5850","701.3140"
"2016/06/02","703.4340","0.0000","701.0140","703.4340","699.0870"
"2016/06/01","703.2930","0.0000","696.6430","704.0500","696.0880"
"2016/05/31","699.3620","0.0000","697.5490","700.0410","694.8130"
"2016/05/27","695.7080","0.0000","691.5610","696.7130","691.3400"
"2016/05/26","691.5810","0.0000","690.4700","693.1210","688.5970"
"2016/05/25","689.4730","0.0000","689.2030","691.0340","684.2440"
"2016/05/24","685.6370","0.0000","673.3400","686.3090","673.2760"
"2016/05/23","669.4610","0.0000","668.4400","675.4340","668.2680"
"2016/05/20","665.0850","0.0000","653.5430","665.4180","653.5430"
"2016/05/19","644.7370","0.0000","645.5590","650.9260","639.4950"
"2016/05/18","649.3510","0.0000","637.1570","654.3520","637.0760"
"2016/05/17","638.8880","0.0000","642.7920","645.7440","636.9340"
"2016/05/16","643.3250","0.0000","634.7580","647.5390","634.5060"
"2016/05/13","633.2630","0.0000","633.6640","638.8070","631.5530"
"2016/05/12","630.7750","0.0000","644.3790","644.8900","625.7990"
"2016/05/11","642.2940","0.0000","642.2750","648.0810","641.6820"
"2016/05/10","644.2990","0.0000","637.9040","644.4130","634.9130"
"2016/05/09","636.5410","0.0000","638.7800","641.9270","635.1360"
"2016/05/06","637.4960","0.0000","633.6050","637.5790","628.7830"
"2016/05/05","636.8090","0.0000","639.8170","642.7750","634.7290"
"2016/05/04","634.9030","0.0000","638.3020","642.1540","632.8810"
"2016/05/03","642.6210","0.0000","645.3650","646.9680","639.8260"
"2016/05/02","650.2750","0.0000","647.0550","651.1310","642.2350"
"2016/04/29","645.3380","0.0000","658.4120","658.4400","640.5100"
"2016/04/28","662.6940","0.0000","674.7530","680.8810","661.2700"
"2016/04/27","681.2570","0.0000","669.9820","682.1760","667.0320"
"2016/04/26","674.4170","0.0000","670.8600","680.1460","670.7370"
"2016/04/25","665.3150","0.0000","667.6590","670.8970","663.5360"
"2016/04/22","669.0270","0.0000","667.7290","675.0870","663.8400"
"2016/04/21","667.6800","0.0000","671.3980","671.9060","664.9050"
"2016/04/20","672.1520","0.0000","665.1180","674.8880","663.5100"
"2016/04/19","665.6140","0.0000","675.4990","675.7240","662.8650"
"2016/04/18","673.9590","0.0000","671.0390","675.6240","669.4750"
"2016/04/15","673.4930","0.0000","676.9520","679.2400","673.3450"
"2016/04/14","679.2770","0.0000","678.5650","680.5240","672.8160"
"2016/04/13","685.1520","0.0000","673.4640","685.4080","673.2260"
"2016/04/12","669.7430","0.0000","672.0980","672.2640","661.2630"
"2016/04/11","670.6040","0.0000","674.5950","680.5540","670.5260"
"2016/04/08","671.3110","0.0000","674.6370","677.1770","668.6850"
"2016/04/07","667.4600","0.0000","674.7050","674.7570","665.2690"
"2016/04/06","678.2150","0.0000","669.8570","678.5590","665.3530"
"2016/04/05","671.3340","0.0000","671.8260","675.9460","670.4650"
"2016/04/04","675.3910","0.0000","681.4140","681.6940","674.1120"
"2016/04/01","681.5940","0.0000","672.0790","681.7940","669.5520"
"2016/03/31","676.8920","0.0000","679.1060","679.9740","676.6130"
"2016/03/30","680.7880","0.0000","678.0350","684.7080","677.8930"
"2016/03/29","674.1360","0.0000","662.1820","675.2280","659.8350"
"2016/03/28","665.2120","0.0000","667.2540","667.5710","662.6670"
"2016/03/24","666.1360","0.0000","661.6970","666.1580","658.5770"
"2016/03/23","666.4620","0.0000","674.8680","674.9170","666.2780"
"2016/03/22","675.3000","0.0000","672.2610","677.5620","670.6980"
"2016/03/21","675.9570","0.0000","672.7780","676.2830","669.6000"
"2016/03/18","675.0300","0.0000","666.7580","675.3350","666.5400"
"2016/03/17","665.9530","0.0000","659.3620","667.3530","658.1660"
"2016/03/16","661.1900","0.0000","652.4830","661.9130","652.2170"
"2016/03/15","655.4130","0.0000","654.9800","655.4130","649.8870"
"2016/03/14","656.3520","0.0000","655.9370","659.2630","654.2800"
"2016/03/11","659.1440","0.0000","653.4670","659.2010","652.8320"
"2016/03/10","646.5830","0.0000","647.0200","652.4120","637.4450"
"2016/03/09","643.2730","0.0000","641.6130","645.0040","638.3290"
"2016/03/08","638.0110","0.0000","646.4830","647.3870","637.4940"
"2016/03/07","652.6810","0.0000","647.0720","655.7280","644.0150"
"2016/03/04","650.6180","0.0000","648.6610","655.6570","643.4650"
"2016/03/03","643.8910","0.0000","643.5240","645.2880","639.0930"
"2016/03/02","643.3080","0.0000","637.9970","643.3500","637.1840"
"2016/03/01","639.8950","0.0000","627.5780","639.9290","626.4650"
"2016/02/29","622.1110","0.0000","624.8570","632.9930","622.0730"
"2016/02/26","624.6490","0.0000","624.9830","626.9220","621.5470"
"2016/02/25","621.0740","0.0000","614.7410","621.1180","608.1880"
"2016/02/24","613.3430","0.0000","597.1710","614.3760","594.1120"
"2016/02/23","604.8720","0.0000","611.5130","613.3520","604.0840"
"2016/02/22","615.0020","0.0000","612.5350","618.1220","611.8930"
"2016/02/19","605.4570","0.0000","602.8890","609.0280","601.0620"
"2016/02/18","602.5190","0.0000","611.1360","611.1980","602.1300"
"2016/02/17","606.0460","0.0000","595.4310","606.9720","594.9650"
"2016/02/16","591.9260","0.0000","578.7800","594.6660","578.7800"
"2016/02/12","571.9000","0.0000","564.5560","572.3120","557.5160"
"2016/02/11","559.1800","0.0000","554.9800","562.5510","552.2550"
"2016/02/10","563.6540","0.0000","572.8170","577.9800","563.3270"
"2016/02/09","567.9930","0.0000","564.1400","578.6570","563.1820"
"2016/02/08","571.4500","0.0000","576.7010","576.7010","562.6070"
"2016/02/05","586.2510","0.0000","603.9390","605.0230","584.2200"
"2016/02/04","607.7200","0.0000","599.3350","610.9320","596.3590"
"2016/02/03","597.1120","0.0000","600.7580","602.3560","585.1590"
"2016/02/02","595.6980","0.0000","608.5620","609.2380","594.1290"
"2016/02/01","616.6040","0.0000","608.7620","619.4560","607.6980"
"2016/01/29","613.6810","0.0000","594.1320","613.7090","594.0680"
"2016/01/28","586.8480","0.0000","591.1720","593.9580","582.3310"
"2016/01/27","588.6800","0.0000","593.7030","599.9260","585.7590"
"2016/01/26","595.8590","0.0000","591.8700","600.2700","589.4470"
"2016/01/25","589.8050","0.0000","597.2460","598.2220","588.5990"
"2016/01/22","598.4250","0.0000","599.9710","602.2270","594.5600"
"2016/01/21","587.5570","0.0000","585.2250","594.7840","578.5750"
"2016/01/20","578.9400","0.0000","571.6390","584.7620","562.7470"
"2016/01/19","575.1770","0.0000","585.9170","587.5180","570.1830"
"2016/01/15","574.2940","0.0000","575.0330","581.6070","566.3040"
"2016/01/14","601.5660","0.0000","592.1740","604.5510","583.6590"
"2016/01/13","589.4840","0.0000","608.2640","613.1660","588.7550"
"2016/01/12","608.5630","0.0000","610.3190","613.9880","599.9050"
"2016/01/11","603.5490","0.0000","606.2510","608.8520","595.1280"
"2016/01/08","600.4810","0.0000","612.6060","616.5780","599.8650"
"2016/01/07","610.2500","0.0000","616.8300","624.5760","608.8770"
"2016/01/06","631.1960","0.0000","638.2850","639.3610","626.2820"
"2016/01/05","649.4700","0.0000","657.3600","658.7520","648.7990"
"2016/01/04","656.2750","0.0000","650.4410","656.4080","646.8770"
"2015/12/31","663.4810","0.0000","671.0450","671.0480","663.4420"
"2015/12/30","673.0820","0.0000","679.2710","680.6170","672.7520"
"2015/12/29","679.7790","0.0000","674.8490","682.3620","673.7480"
"2015/12/28","671.7520","0.0000","671.8520","671.8520","664.8000"
"2015/12/24","674.3940","0.0000","671.2130","676.7030","671.2130"
"2015/12/23","671.7810","0.0000","668.0560","672.4420","666.5220"
"2015/12/22","667.1050","0.0000","668.5850","669.5160","661.7400"
"2015/12/21","666.1280","0.0000","659.7600","666.3060","657.5230"
"2015/12/18","653.7190","0.0000","658.8230","660.4430","653.1530"
"2015/12/17","661.7060","0.0000","676.3820","677.7000","661.4910"
"2015/12/16","671.7050","0.0000","670.7470","672.8660","660.9120"
"2015/12/15","666.4660","0.0000","660.3550","669.3680","659.4070"
"2015/12/14","656.4910","0.0000","662.4970","663.1090","650.1010"
"2015/12/11","660.7780","0.0000","666.3580","669.4390","660.1190"
"2015/12/10","674.2260","0.0000","670.2720","679.1210","669.5730"
"2015/12/09","670.2860","0.0000","678.6030","680.1840","667.2360"
"2015/12/08","679.0340","0.0000","674.9370","681.2700","672.9410"
"2015/12/07","684.8550","0.0000","689.0800","689.8000","683.7720"
"2015/12/04","691.4860","0.0000","678.8240","692.5980","676.9870"
"2015/12/03","678.7230","0.0000","692.1580","693.1290","675.7160"
"2015/12/02","682.6870","0.0000","688.1310","690.5570","681.8630"
"2015/12/01","686.5240","0.0000","679.4720","686.6180","679.4720"
"2015/11/30","677.1360","0.0000","670.8270","677.8750","669.5150"
"2015/11/27","670.5090","0.0000","666.7400","671.2730","666.3940"
"2015/11/25","666.0870","0.0000","665.1100","669.5670","663.2080"
"2015/11/24","665.6130","0.0000","655.9740","666.8030","655.8030"
"2015/11/23","657.1840","0.0000","664.3930","664.6710","656.6070"
"2015/11/20","665.7560","0.0000","666.4930","669.2830","663.7190"
"2015/11/19","663.6280","0.0000","662.9350","669.3710","659.6630"
"2015/11/18","662.1430","0.0000","655.1240","662.5670","651.6510"
"2015/11/17","655.8210","0.0000","652.6760","660.5930","651.6010"
"2015/11/16","652.0300","0.0000","643.3900","652.1130","643.2800"
"2015/11/13","643.7100","0.0000","649.1570","651.5890","641.3940"
"2015/11/12","649.7710","0.0000","654.2770","658.6260","649.6990"
"2015/11/11","658.2770","0.0000","659.7160","665.0130","657.6830"
"2015/11/10","657.9630","0.0000","661.5600","661.6440","655.7010"
"2015/11/09","669.9420","0.0000","673.1970","673.2100","666.5750"
"2015/11/06","676.4690","0.0000","665.1690","676.8350","664.8340"
"2015/11/05","659.3640","0.0000","670.8310","671.0400","658.2320"
"2015/11/04","673.4780","0.0000","672.4860","674.3080","668.5200"
"2015/11/03","671.6870","0.0000","666.5790","674.4280","666.3570"
"2015/11/02","668.5330","0.0000","662.8790","669.3720","662.7860"
"2015/10/30","662.5170","0.0000","658.8930","664.8390","658.8930"
"2015/10/29","656.9370","0.0000","662.1660","664.2230","655.3260"
"2015/10/28","677.2090","0.0000","670.1080","677.3530","667.4360"
"2015/10/27","665.7130","0.0000","665.7570","670.6090","664.1320"
"2015/10/26","670.1870","0.0000","679.7590","680.3190","668.3970"
"2015/10/23","683.7120","0.0000","678.5770","685.7800","674.8210"
"2015/10/22","675.9460","0.0000","664.8990","676.7110","664.6170"
"2015/10/21","653.2430","0.0000","661.1450","665.4100","652.8980"
"2015/10/20","651.8710","0.0000","652.3950","654.3530","648.4360"
"2015/10/19","652.8750","0.0000","651.1840","657.1000","647.8500"
"2015/10/16","652.6340","0.0000","651.3180","653.7940","647.4670"
"2015/10/15","651.8920","0.0000","650.5110","656.2470","645.9090"
"2015/10/14","645.7000","0.0000","625.6730","650.8430","624.3350"
"2015/10/13","622.2840","0.0000","625.0700","629.3400","622.0810"
"2015/10/12","630.5430","0.0000","630.5290","631.8310","627.0860"
"2015/10/09","629.5060","0.0000","633.5880","636.2520","626.6760"
"2015/10/08","634.8120","0.0000","629.3900","635.2450","624.4030"
"2015/10/07","631.3240","0.0000","627.2710","633.9460","619.8040"
"2015/10/06","621.9540","0.0000","618.9960","623.7170","610.7420"
"2015/10/05","619.8540","0.0000","613.7810","622.9280","612.3540"
"2015/10/02","608.4570","0.0000","590.1700","608.4680","587.4860"
"2015/10/01","595.6250","0.0000","602.3140","602.4460","585.4410"
"2015/09/30","602.7340","0.0000","588.4780","603.3520","588.3310"
"2015/09/29","580.4830","0.0000","577.1800","585.8710","573.6380"
"2015/09/28","576.4180","0.0000","590.0100","592.3980","576.4040"
"2015/09/25","592.8760","0.0000","597.9760","601.9380","587.3580"
"2015/09/24","589.7150","0.0000","586.1490","593.4220","574.3820"
"2015/09/23","590.7350","0.0000","596.4050","598.6910","590.1110"
"2015/09/22","595.0600","0.0000","598.8360","600.1770","592.9050"
"2015/09/21","608.7340","0.0000","614.0170","616.5070","605.8180"
"2015/09/18","610.7470","0.0000","612.1630","618.3660","608.2250"
"2015/09/17","621.0490","0.0000","625.3680","631.3660","620.0140"
"2015/09/16","626.5690","0.0000","623.6390","627.0440","619.8100"
"2015/09/15","625.1450","0.0000","621.2540","626.9200","619.7970"
"2015/09/14","617.6660","0.0000","619.2880","620.7210","615.0190"
"2015/09/11","615.8110","0.0000","608.9920","616.2910","607.4370"
"2015/09/10","615.3380","0.0000","612.6780","621.1610","606.6730"
"2015/09/09","612.8280","0.0000","629.8760","633.7590","611.4130"
"2015/09/08","624.0610","0.0000","612.8630","624.5470","612.5670"
"2015/09/04","597.6220","0.0000","598.7060","605.4910","595.5200"
"2015/09/03","608.5810","0.0000","607.3550","616.4700","606.8070"
"2015/09/02","603.7780","0.0000","600.3860","603.8310","593.1930"
"2015/09/01","590.1210","0.0000","595.5410","605.1940","586.5590"
"2015/08/31","611.0450","0.0000","609.2680","617.5070","605.2670"
"2015/08/28","613.9070","0.0000","607.2190","614.5280","607.0230"
"2015/08/27","609.7550","0.0000","596.9770","610.5080","596.9460"
"2015/08/26","587.8230","0.0000","575.1300","588.5040","566.2980"
"2015/08/25","559.5860","0.0000","583.7030","588.1050","559.5860"
"2015/08/24","566.5760","0.0000","545.5400","590.9510","543.0260"
"2015/08/21","578.5940","0.0000","587.8000","596.3240","578.5830"
"2015/08/20","594.7770","0.0000","610.6010","612.0040","594.7730"
"2015/08/19","618.3250","0.0000","623.7630","625.5740","614.0770"
"2015/08/18","624.0070","0.0000","634.8660","635.2050","622.9380"
"2015/08/17","637.2500","0.0000","627.0750","637.3840","625.2970"
"2015/08/14","631.0420","0.0000","633.2690","634.5630","627.1720"
"2015/08/13","634.8690","0.0000","641.2870","643.5960","634.7510"
"2015/08/12","641.5220","0.0000","628.3730","644.4520","625.2300"
"2015/08/11","637.8530","0.0000","644.7060","646.0070","635.1750"
"2015/08/10","652.6470","0.0000","642.1920","653.6870","641.8610"
"2015/08/07","636.8230","0.0000","631.6360","637.5360","630.2180"
"2015/08/06","633.1340","0.0000","644.7180","644.8200","628.2880"
"2015/08/05","644.6190","0.0000","639.9510","649.2240","639.7210"
"2015/08/04","637.1750","0.0000","641.7310","643.4230","633.0500"
"2015/08/03","644.3530","0.0000","645.8530","647.0590","640.9450"
"2015/07/31","646.2870","0.0000","654.6610","654.6610","645.3560"
"2015/07/30","654.1530","0.0000","648.8380","656.2350","646.3620"
"2015/07/29","651.7460","0.0000","648.9470","652.9090","644.6140"
"2015/07/28","650.8990","0.0000","640.7750","655.1090","636.0030"
"2015/07/27","637.8790","0.0000","637.8590","642.2990","630.8970"
"2015/07/24","642.4770","0.0000","658.6550","658.9310","641.7840"
"2015/07/23","655.5140","0.0000","650.9520","663.6660","650.7220"
"2015/07/22","646.1280","0.0000","642.2440","647.7800","638.9470"
"2015/07/21","662.8570","0.0000","662.6920","668.4440","661.3380"
"2015/07/20","662.5040","0.0000","669.6940","670.7490","662.1370"
"2015/07/17","667.0550","0.0000","666.8960","667.6670","661.6890"
"2015/07/16","668.6130","0.0000","670.5600","670.5850","662.3030"
"2015/07/15","667.0160","0.0000","670.4550","672.1620","664.0380"
"2015/07/14","671.1580","0.0000","667.9310","672.6730","666.7230"
"2015/07/13","663.9730","0.0000","664.9690","665.4410","659.1410"
"2015/07/10","658.8790","0.0000","654.2470","661.1310","653.6560"
"2015/07/09","646.6390","0.0000","665.7990","667.8090","646.5300"
"2015/07/08","655.2530","0.0000","662.8430","663.4390","653.4370"
"2015/07/07","672.9140","0.0000","673.4930","674.6530","652.8820"
"2015/07/06","675.1130","0.0000","678.1830","685.2840","672.4280"
"2015/07/02","685.5110","0.0000","683.5830","687.2450","682.1700"
"2015/07/01","682.1320","0.0000","687.6170","690.8680","680.5400"
"2015/06/30","680.5390","0.0000","683.5940","685.7160","677.2600"
"2015/06/29","678.0680","0.0000","684.9780","692.9920","677.5030"
"2015/06/26","698.3570","0.0000","708.1360","708.8230","695.3670"
"2015/06/25","715.8340","0.0000","718.9470","720.7750","714.0920"
"2015/06/24","716.4910","0.0000","722.8000","724.7500","716.4090"
"2015/06/23","723.8830","0.0000","730.0910","730.5660","721.7570"
"2015/06/22","728.2200","0.0000","728.0770","729.5900","724.1350"
"2015/06/19","723.3690","0.0000","727.5380","728.2370","719.2350"
"2015/06/18","725.5960","0.0000","717.6440","728.5670","717.5720"
"2015/06/17","715.1950","0.0000","716.0800","717.9800","712.0640"
"2015/06/16","715.0710","0.0000","710.9830","716.4250","709.5650"
"2015/06/15","712.6300","0.0000","706.7540","713.1680","703.1330"
"2015/06/12","714.1270","0.0000","716.1660","718.1300","713.1070"
"2015/06/11","720.5340","0.0000","722.0280","724.3370","719.8770"
"2015/06/10","720.9380","0.0000","715.3580","723.3010","714.8780"
"2015/06/09","711.5980","0.0000","712.1420","713.8440","704.8320"
"2015/06/08","712.3700","0.0000","725.9630","726.1300","710.7020"
"2015/06/05","726.2890","0.0000","724.8950","728.1240","719.5140"
"2015/06/04","725.8100","0.0000","729.3270","732.1170","724.0640"
"2015/06/03","732.7010","0.0000","741.6570","742.0220","732.2600"
"2015/06/02","737.2800","0.0000","743.4110","743.4110","736.8600"
"2015/06/01","746.0760","0.0000","748.8430","751.2060","742.0310"
"2015/05/29","745.4080","0.0000","746.0460","749.2260","742.5510"
"2015/05/28","743.2720","0.0000","743.8710","746.9510","738.3300"
"2015/05/27","742.3500","0.0000","716.9600","744.7700","716.3390"
"2015/05/26","714.7480","0.0000","718.6330","719.5380","711.3920"
"2015/05/22","720.1980","0.0000","718.1980","722.8070","718.1960"
"2015/05/21","718.4440","0.0000","714.2620","719.7430","710.9220"
"2015/05/20","714.4770","0.0000","714.2320","720.2240","712.0080"
"2015/05/19","713.3870","0.0000","718.1780","721.2310","711.0190"
"2015/05/18","716.5370","0.0000","710.8480","716.9370","708.6290"
"2015/05/15","709.5210","0.0000","710.0370","712.4780","706.2480"
"2015/05/14","708.3210","0.0000","705.2000","711.0710","702.1380"
"2015/05/13","700.1320","0.0000","698.4010","705.1040","698.1490"
"2015/05/12","696.1820","0.0000","699.1980","700.1680","692.7580"
"2015/05/11","702.3150","0.0000","700.9880","704.8680","699.3850"
"2015/05/08","702.1300","0.0000","698.9870","704.8940","698.5210"
"2015/05/07","695.2020","0.0000","690.3140","696.2750","690.2270"
"2015/05/06","687.4470","0.0000","690.9050","693.7110","682.6900"
"2015/05/05","688.3980","0.0000","699.2650","699.9430","687.7430"
"2015/05/04","704.0290","0.0000","706.4940","708.5970","701.9360"
"2015/05/01","705.5000","0.0000","692.0670","707.0790","691.9170"
"2015/04/30","686.2870","0.0000","690.5080","693.6760","682.1430"
"2015/04/29","692.1870","0.0000","690.5680","694.5930","685.1060"
"2015/04/28","696.2440","0.0000","696.3100","697.5510","686.5300"
"2015/04/27","696.1090","0.0000","694.7780","703.1630","693.7780"
"2015/04/24","693.7270","0.0000","704.2440","704.2440","689.5660"
"2015/04/23","705.4590","0.0000","702.1340","708.5150","700.6210"
"2015/04/22","716.8200","0.0000","712.1970","717.1490","705.9290"
"2015/04/21","707.1200","0.0000","710.5590","711.6860","704.2380"
"2015/04/20","702.2920","0.0000","699.1880","704.8060","699.1790"
"2015/04/17","696.0880","0.0000","699.5690","700.2260","692.7210"
"2015/04/16","706.0830","0.0000","703.7230","707.2750","702.7810"
"2015/04/15","709.3170","0.0000","702.2320","711.3270","702.1390"
"2015/04/14","697.8540","0.0000","704.2230","704.8170","695.0770"
"2015/04/13","704.5170","0.0000","710.5680","712.6610","703.7960"
